418,96953698086196;419,854
415,87814880077576;417,875
425,96953698086196;415,641
419,87814880077576;418,133
417,9999997075574;408,526
402,8172233473849;415,251
388,2917509807605;417,952
421,9086115274712;420,213
417,9086115274712;420,894
415,96953698086196;418,707
417,9543056357919;417,299
415,96953698086196;416,566
424,93907425416654;417,99
417,8172233473849;419,129
417,87814880077576;419,476
420,8172233473849;417,486
392,87814880077576;413,06
419,96953698086196;417,483
415,87814880077576;418,344
415,9999997075574;397,914
417,93907425416654;414,826
488,5672233473849;610,693
417,9999997075574;405,317
392,9999997075574;393,487
419,87814880077576;414,518
415,96953698086196;415,049
488,3172233473849;476,156
411,84768607408034;604,545
426,9999997075574;393,556
418,93907425416654;414,944
415,8172233473849;415,163
488,9086115274712;479,279
422,87814880077576;418,891
424,9086115274712;412,581
417,9999997075574;394,717
419,96953698086196;419,033
394,9086115274712;419,425
415,84768607408034;420,541
422,93907425416654;419,222
488,9086115274712;473,84
488,7499997075574;443,424
488,90861154574884;484,535
416,9999997075574;394,8
422,87814880077576;413,702
389,96953698086196;418,356
419,9999997075574;395,736
422,9999997075574;394,841
397,87814880077576;418,805
415,84768607408034;413,364
402,96953698086196;422,684
413,87814880077576;418,135
415,93907425416654;414,228
488,9999997075574;446,03
402,87814880077576;416,335
397,9999997075574;537,089
420,9999997075574;440,497
391,84768607408034;414,537
415,93907425416654;418,182
422,96953698086196;418,172
422,9086115274712;418,264
416,96953698086196;416,01
402,96953698086196;413,887
488,6586115274712;476,98
488,84768607408034;473,159
423,9999997075574;399,148
415,9086115274712;420,409
417,96953698086196;412,75
418,96953698086196;413,165
417,87814880077576;418,22
488,93907425416654;475,506
419,8172233473849;422,068
421,9086115274712;417,641
419,8172233473849;418,624
419,96953698086196;418,718
418,9086115274712;416,838
426,8172233473849;579,847
488,62814880077576;607,774
417,9999997075574;396,738
411,8172233473849;419,346
391,93907425416654;419,524
425,93907425416654;418,672
422,84768607408034;419,671
425,9086115274712;421,193
488,93907425416654;473,284
426,96953698086196;415,842
418,87814880077576;413,253
416,9086115274712;416,972
415,9086115274712;418,186
426,87814880077576;414,149
424,87814880077576;413,274
413,9999997075574;394,565
423,8172233473849;418,849
394,84768607408034;419,723
411,96953698086196;418,962
483,0672233473849;478,843
415,93907425416654;415,936
417,8172233473849;419,907
420,93907425416654;414,377
423,87814880077576;412,493
397,87814880077576;412,758
417,8172233473849;418,927
424,87814880077576;420,109
422,9086115274712;416,079
421,9999997075574;394,855
414,87814880077576;415,736
488,62814880077576;471,388
389,93907425416654;416,266
423,84768607408034;420,377
426,84768607408034;412,932
418,93907425416654;415,334
418,9999997075574;397,79
415,93907425416654;414,653
416,93907425416654;416,399
417,9086115274712;418,672
419,8172233473849;417,745
419,9086115274712;415,217
417,93907425416654;413,889
425,96953698086196;417,445
415,93907425416654;417,267
483,09768607408034;554,147
420,8172233473849;419,221
415,9086115274712;485,579
488,18907425416654;595,93
416,87814880077576;477,285
425,93907425416654;593,592
420,9999997075574;399,32
488,93907425416654;475,496
488,8172233473849;475,769
396,86116722302614;418,052
391,9999997075574;397,347
417,96953698086196;419,688
392,9999997075574;409,934
419,9999997075574;563,097
415,9999997075574;419,077
391,93907425416654;417,407
423,93907425416654;411,832
426,93907425416654;414,254
417,9086115274712;416,882
420,8172233473849;418,836
425,87814880077576;417,587
414,87814880077576;415,713
418,8172233473849;417,709
421,87814880077576;413,875
423,93907425416654;413,931
424,84768607408034;418,044
415,84768607408034;414,604
417,9086115274712;420,707
415,84768607408034;416,402
426,87814880077576;418,342
488,21953698086196;476,619
422,87814880077576;415,439
426,84768607408034;417,755
488,46953698086196;677,623
417,8172233473849;418,833
415,8172233473849;418,275
417,93907425416654;417,435
425,84768607408034;415,751
416,87814880077576;418,091
416,9086115274712;413,585
419,96953698086196;413,972
413,87814880077576;420,398
419,96953698086196;414,947
417,93907425416654;416,511
411,87814880077576;417,65
419,8172233473849;413,166
419,93907425416654;416,476
423,9086115274712;419,593
488,34768607408034;473,421
422,96953698086196;428,206
415,87814880077576;416,927
397,96953698086196;409,692
426,84768607408034;415,434
483,21953698086196;684,47
417,87814880077576;418,443
420,93907425416654;414,984
424,8172233473849;418,689
419,9999997075574;395,986
423,9086115274712;417,343
488,71953698086196;476,331
426,8172233473849;419,312
415,87814880077576;414,676
417,9086115274712;419,337
417,93907425416654;420,086
488,5672233473849;473,242
488,68907425416654;477,114
488,5672233473849;651,914
416,8172233473849;417,083
418,93907425416654;411,245
415,84768607408034;419,42
483,12814880077576;471,924
415,9086115274712;419,237
419,9086115274712;418,805
417,87814880077576;415,154
417,87814880077576;417,489
389,93907425416654;419,027
418,87814880077576;417,407
420,96953698086196;416,461
425,9999997075574;397,927
416,87814880077576;416,596
415,9086115274712;414,393
419,9086115274712;417,172
418,93907425416654;421,626
420,93907425416654;414,794
419,99999972583504;398,175
415,9999997075574;630,239
394,2917509807605;416,5
419,9086115274712;418,959
419,9086115274712;418,928
419,90861154574884;417,539
488,59768607408034;475,108
402,96953698086196;413,432
488,68907425416654;477,591
420,84768607408034;413,751
411,9086115274712;420,229
422,93907425416654;420,034
425,9999997075574;401,08
392,9999997075574;399,338
416,87814880077576;418,957
415,93907425416654;414,995
411,93907425416654;417,805
423,87814880077576;414,471
418,8172233473849;419,902
488,84768607408034;482,786
415,8172233473849;410,889
422,93907425416654;413,357
392,8172233473849;417,035
417,87814880077576;419,268
488,84768607408034;749,408
418,9086115274712;414,143
488,8172233473849;482,511
411,93907425416654;414,632
426,93907425416654;716,307
419,87814880077576;416,601
417,96953698086196;412,355
488,0672233473849;477,293
416,9086115274712;420,695
488,8172233473849;476,16
488,4999997075574;443,834
417,93907425416654;418,609
402,84768607408034;675,027
418,84768607408034;517,403
425,96953698086196;415,437
415,93907425416654;415,315
488,7499997075574;456,372
397,87814880077576;414,76
488,2499997075574;488,113
415,9086115274712;416,262
420,9086115274712;415,689
488,87814880077576;474,703
414,9086115274712;420,486
417,8172233473849;416,321
397,9999997075574;397,887
394,87814880077576;412,819
417,93907425416654;418,444
419,9999997075574;400,311
419,84768607408034;418,348
418,93907425416654;420,309
415,93907425416654;420,239
389,96953698086196;412,52
411,84768607408034;417,031
415,84768607408034;419,966
397,8172233473849;414,559
415,96953698086196;416,843
391,9999997075574;397,003
426,93907425416654;422,403
418,9999997075574;407,299
425,87814880077576;419,771
415,8172233473849;539,161
415,9999997075574;395,947
426,96953698086196;364,079
423,84768607408034;415,646
418,8172233473849;416,283
421,87814880077576;414,88
426,9999997075574;398,904
422,9999997075574;408,478
415,9999997075574;399,695
423,84768607408034;634,891
426,9086115274712;415,293
417,84768607408034;617,103
425,8172233473849;414,714
415,8172233473849;414,702
391,93907425416654;413,761
389,9086115274712;415,935
417,9999997075574;397,721
425,93907425416654;416,263
425,84768607408034;417,275
488,6586115274712;474,002
417,84768607408034;418,498
422,9086115274712;417,609
419,8172233473849;418,567
488,4086115274712;477,854
419,96953698086196;418,619
394,93907425416654;420,622
394,96953698086196;419,598
402,93907425416654;419,599
419,9999997075574;400,333
422,9086115274712;418,973
422,8172233473849;419,188
419,93907425416654;419,158
402,93907425416654;420,496
411,87814880077576;566,406
415,9086115274712;413,096
425,9086115274712;408,795
418,9999997075574;492,963
415,96953698086196;418,219
417,84768607408034;413,537
422,8172233473849;419,514
418,8172233473849;417,169
419,8172233473849;418,269
402,9999997075574;395,904
421,84768607408034;413,277
426,96953698086196;418,813
422,87814880077576;413,811
418,93907425416654;411,456
415,84768607408034;417,946
420,84768607408034;416,94
415,9543056357919;418,478
417,9086115274712;418,47
394,84768607408034;412,763
488,87814880077576;470,102
418,84768607408034;418,182
421,8172233473849;417,164
425,9999997075574;439,442
397,87814880077576;421,755
415,9086115274712;416,809
421,96953698086196;415,908
420,93907425416654;420,668
422,96953698086196;419,348
424,9999997075574;394,476
418,84768607408034;416,835
417,93907425416654;419,207
426,9086115274712;415,482
391,8172233473849;418,911
419,93907425416654;417,495
488,9999997075574;446,848
391,96953698086196;416,147
415,93907425416654;417,078
488,59768607408034;474,994
389,9999997075574;396,461
488,09768607408034;474,589
415,87814880077576;419,188
488,2499997075574;445,316
420,8172233473849;417,232
488,9999997075574;445,988
415,8172233473849;419,295
426,84768607408034;412,874
416,93907425416654;418,467
483,12814880077576;782,947
413,8172233473849;415,843
422,93907425416654;416,912
421,84768607408034;422,202
415,93907425416654;417,971
415,9086115274712;420,135
415,84768607408034;463,445
418,9086115274712;418,312
419,9086115274712;416,147
414,8172233473849;419,463
419,87814880077576;420,281
425,8172233473849;416,514
421,87814880077576;412,828
394,96953698086196;419,026
426,87814880077576;412,845
391,84768607408034;415,391
418,9086115274712;412,486
417,84768607408034;416,136
415,9999997075574;398,666
422,9086115274712;472,322
391,9086115274712;414,132
424,8172233473849;413,774
419,96953698086196;416,135
419,87814880077576;419,76
414,8172233473849;415,158
488,2499997075574;443,728
392,87814880077576;416,389
488,62814880077576;474,824
415,9086115274712;420,268
420,9086115274712;412,976
422,9999997075574;397,418
411,96953698086196;419,876
392,93907425416654;419,997
488,87814880077576;474,942
425,93907425416654;420,046
389,8172233473849;416,554
415,87814880077576;417,106
422,8172233473849;420,462
420,87814880077576;423,071
423,96953698086196;420,906
389,9999997075574;551,132
415,8172233473849;419,618
414,87814880077576;417,964
392,9999997075574;401,119
483,21953698086196;475,768
415,87814880077576;419,944
422,93907425416654;412,972
415,96953698086196;419,183
488,5672233473849;479,925
415,9999997075574;391,765
426,9086115274712;416,76
426,87814880077576;415,076
415,8172233473849;417,595
488,43907425416654;477,485
424,96953698086196;421,485
420,84768607408034;417,328
416,9999997075574;397,013
424,96953698086196;462,072
415,8172233473849;419,745
394,9086115274712;419,613
416,96953698086196;418,047
488,18907425416654;477,666
422,9999997075574;390,667
419,9086115274712;417,533
419,96953698086196;421,241
426,96953698086196;419,297
417,87814880077576;415,265
426,84768607408034;415,702
397,93907425416654;413,363
416,96953698086196;419,666
417,84768607408034;418,859
425,96953698086196;416,795
425,9086115274712;418,386
483,0672233473849;474,623
419,84768607408034;411,263
418,8172233473849;421,164
391,96953698086196;417,516
418,87814880077576;412,291
488,87814880077576;475,168
416,96953698086196;415,011
417,9999997075574;399,546
424,93907425416654;420,386
419,8172233473849;413,684
422,93907425416654;416,927
414,93907425416654;414,72
488,4086115274712;475,288
417,9086115274712;417,066
391,8172233473849;419,341
419,96953698086196;413,099
420,87814880077576;413,227
488,18907425416654;473,795
488,5672233473849;473,545
416,8172233473849;541,385
417,84768607408034;416,472
402,9086115274712;505,799
392,93907425416654;418,737
425,9086115274712;418,271
418,9999997075574;399,005
423,93907425416654;418,649
419,9086115274712;418,843
426,93907425416654;419,214
422,8172233473849;416,201
416,84768607408034;419,894
488,9999997075574;440,55
422,87814880077576;418,604
417,9999997075574;393,913
392,84768607408034;416,561
420,9999997075574;620,075
419,8172233473849;417,662
415,87814880077576;416,391
420,84768607408034;414,771
416,93907425416654;418,133
418,87814880077576;417,53
418,84768607408034;414,973
394,8172233473849;418,566
415,8629174557057;417,867
417,96953698086196;527,149
394,8172233473849;419,267
424,87814880077576;413,458
394,96953698086196;418,699
419,87814880077576;417,404
488,9086115274712;478,13
483,2499997075574;439,067
424,9999997075574;395,274
417,8172233473849;467,901
417,8172233473849;420,615
419,93907425416654;415,962
483,2499997075574;447,517
419,9999997075574;409,355
415,9999997075574;407,012
416,8172233473849;418,688
417,87814880077576;429,956
419,84768607408034;416,587
417,8172233473849;416,19
419,87814880077576;420,809
483,18907425416654;475,693
419,93907425416654;412,861
416,93907425416654;418,249
389,84768607408034;417,518
413,8172233473849;412,094
417,84768607408034;416,213
389,84768607408034;418,036
488,8172233473849;472,713
483,09768607408034;477,147
394,84768607408034;415,912
389,9999997075574;396,801
422,84768607408034;413,582
488,84768607408034;474,92
397,87814880077576;414,74
483,1586115274712;475,123
418,96953698086196;421,49
418,9086115274712;419,055
417,84768607408034;420,066
425,87814880077576;435,389
423,8172233473849;419,035
488,21953698086196;480,257
424,8172233473849;419,697
488,96953698086196;475,076
488,0672233473849;472,994
415,9086115274712;414,97
424,87814880077576;512,321
415,84768607408034;427,531
415,93907425416654;413,975
425,87814880077576;420,272
402,87814880077576;413,765
411,96953698086196;416,008
488,09768607408034;478,735
415,87814880077576;415,754
488,87814880077576;474,014
392,87814880077576;420,88
424,84768607408034;418,289
425,9999997075574;394,524
419,96953698086196;417,917
419,93907425416654;418,401
402,9999997075574;398,876
414,87814880077576;417,428
417,93907425416654;415,459
420,9086115274712;416,99
402,9999997075574;398,065
418,93907425416654;462,636
415,93907425416654;594,195
411,93907425416654;412,835
416,93907425416654;415,149
423,96953698086196;413,648
488,43907425416654;471,611
424,8629174557057;415,035
426,93907425416654;416,978
423,87814880077576;414,971
415,8172233473849;418,841
488,18907425416654;484,927
423,96953698086196;419,516
391,9086115274712;417,969
415,8172233473849;414,177
424,93907425416654;414,377
421,8172233473849;417,395
425,96953698086196;493,331
392,93907425416654;457,156
426,87814880077576;418,636
389,8172233473849;416,743
423,93907425416654;414,598
415,96953698086196;418,486
422,8172233473849;420,678
389,9086115274712;419,555
424,93907425416654;419,112
425,87814880077576;417,94
425,84768607408034;416,794
483,21953698086196;473,213
483,12814880077576;736,289
392,9999997075574;395,018
488,46953698086196;469,206
488,5672233473849;732,609
397,96953698086196;413,835
414,84768607408034;414,622
483,12814880077576;478,37
415,84768607408034;418,28
488,71953698086196;474,582
419,87814880077576;415,758
419,9086115274712;415,91
426,9086115274712;413,264
417,87814880077576;417,561
389,93907425416654;415,122
417,96953698086196;630,979
421,96953698086196;413,585
411,9999997075574;398,34
417,84768607408034;414,979
483,0672233473849;475,961
420,96953698086196;416,141
415,87814880077576;414,948
415,9999997075574;393,914
426,9999997075574;393,775
483,0672233473849;471,289
417,93907425416654;417,67
411,9999997075574;398,546
415,8172233473849;434,232
415,9999997075574;525,554
389,84768607408034;414,006
411,9999997075574;398,166
394,86116722302614;415,785
413,87814880077576;417,987
417,8172233473849;420,451
424,9086115274712;422,23
488,59768607408034;498,395
425,93907425416654;415,362
417,87814880077576;424,604
426,8172233473849;415,305
391,8172233473849;415,528
417,87814880077576;415,664
420,84768607408034;417,541
425,8172233473849;421,09
488,84768607408034;474,235
397,9086115274712;416,285
415,8172233473849;418,36
424,9086115274712;415,085
417,9999997075574;399,823
488,96953698086196;473,241
423,8172233473849;418,836
426,8172233473849;415,001
488,93907425416654;481,189
422,93907425416654;416,425
488,6586115274712;476,877
417,9086115274712;420,018
488,6586115274712;475,547
418,8172233473849;415,143
417,9086115274712;418,821
419,9999997075574;398,552
416,8172233473849;418,606
418,87814880077576;413,263
488,71953698086196;471,111
422,8172233473849;415,085
419,87814880077576;417,647
415,87814880077576;419,727
417,87814880077576;413,019
419,9999997075574;398,364
422,84768607408034;417,914
415,96953698086196;413,891
415,9999997075574;403,992
417,87814880077576;485,275
488,8172233473849;484,06
488,84768607408034;470,457
422,87814880077576;417,529
422,84768607408034;419,075
415,8172233473849;420,832
417,96953698086196;418,669
421,84768607408034;414,522
415,96953698086196;419,964
488,12814880077576;471,821
483,2499997075574;578,746
415,93907425416654;414,242
488,0672233473849;470,63
426,9999997075574;408,159
425,9999997075574;396,896
392,9086115274712;418,991
425,9086115274712;414,484
415,96953698086196;415,11
413,93907425416654;412,968
413,84768607408034;419,669
418,87814880077576;413,89
415,8172233473849;418,669
426,9999997075574;397,792
411,96953698086196;419,762
422,93907425416654;419,083
419,8172233473849;412,578
426,8172233473849;415,056
391,96953698086196;418,316
419,8172233473849;413,613
411,93907425416654;418,65
422,8629174557057;413,124
488,62814880077576;477,523
389,96953698086196;415,875
413,93907425416654;418,752
420,87814880077576;414,062
418,96953698086196;419,395
418,9086115274712;417,866
420,84768607408034;416,258
414,87814880077576;475,402
389,84768607408034;416,727
417,93907425416654;414,736
488,3172233473849;541,885
417,9086115274712;420,546
488,7499997075574;439,049
418,93907425416654;415,32
419,84768607408034;418,461
419,9999997075574;394,659
415,93907425416654;417,166
395,43058346529176;419,678
488,4999997075574;440,216
426,84768607408034;418,758
417,93907425416654;419,033
413,9999997075574;398,875
391,84768607408034;418,337
415,9086115274712;415,298
422,84768607408034;416,061
391,84768607408034;417,864
415,93907425416654;419,317
488,18907425416654;478,013
397,9086115274712;415,815
391,84768607408034;442,268
420,9999997075574;395,285
420,84768607408034;415,177
488,87814880077576;471,162
416,93907425416654;418,142
413,84768607408034;415,033
419,93907425416654;475,274
425,8172233473849;419,16
422,87814880077576;545,604
394,96953698086196;415,115
418,9999997075574;396,373
419,9999997075574;393,917
422,84768607408034;417,017
424,84768607408034;420,994
425,87814880077576;418,264
394,9086115274712;479,469
423,84768607408034;420,517
424,84768607408034;419,265
483,1586115274712;480,748
397,8172233473849;413,295
426,8172233473849;412,525
389,84768607408034;415,66
394,84768607408034;412,424
488,12814880077576;475,622
418,9086115274712;418,384
488,5672233473849;476,347
426,84768607408034;413,508
389,9999997075574;397,493
394,84768607408034;416,855
416,9086115274712;419,127
417,9086115274712;414,257
417,84768607408034;598,711
417,9999997075574;395,383
425,93907425416654;418,534
420,8172233473849;418,694
488,6586115274712;469,448
420,96953698086196;419,889
419,96953698086196;417,846
416,84768607408034;416,196
392,96953698086196;419,949
420,93907425416654;416,203
386,2917509807605;414,637
415,84768607408034;420,174
413,87814880077576;577,274
416,9086115274712;417,808
418,84768607408034;413,119
417,96953698086196;417,872
488,21953698086196;476,737
419,9999997075574;394,674
415,96953698086196;420,283
417,93907425416654;415,494
418,8172233473849;418,386
418,96953698086196;417,576
417,87814880077576;421,146
391,87814880077576;414,622
421,84768607408034;413,476
389,93907425416654;416,953
423,9086115274712;413,236
422,9999997075574;410,429
389,93907425416654;411,001
483,09768607408034;481,121
402,96953698086196;429,119
414,84768607408034;413,901
417,84768607408034;418,59
483,09768607408034;471,624
422,96953698086196;414,27
418,84768607408034;415,094
415,87814880077576;417,653
425,9999997075574;398,091
417,93907425416654;413,871
420,93907425416654;431,17
397,84768607408034;419,225
394,9086115274712;416,955
415,8172233473849;418,179
488,84768607408034;476,573
488,34768607408034;776,427
416,93907425416654;416,438
417,96953698086196;411,45
414,9999997075574;396,732
488,4999997075574;444,382
402,87814880077576;416,072
394,93907425416654;414,225
415,9086115274712;441,408
488,59768607408034;477,058
417,87814880077576;419,6
402,9086115274712;415,65
389,87814880077576;414,32
397,96953698086196;417,288
414,9086115274712;419,909
422,93907425416654;416,144
419,8172233473849;416,91
415,84768607408034;628,145
411,93907425416654;418,214
417,84768607408034;417,498
420,9086115274712;419,105
415,8172233473849;420,152
420,87814880077576;419,775
418,9086115274712;414,849
419,87814880077576;418,494
422,9086115274712;417,415
425,8172233473849;411,12
415,96953698086196;418,242
420,96953698086196;414,716
483,0672233473849;475,148
420,87814880077576;415,685
415,9086115274712;413,967
488,21953698086196;481,717
415,8172233473849;418,117
415,96953698086196;439,287
488,4999997075574;473,642
488,87814880077576;487,568
418,84768607408034;416,352
426,93907425416654;416,327
413,96953698086196;413,896
417,9999997075574;408,633
416,87814880077576;417,293
414,8172233473849;417,927
423,87814880077576;418,374
397,84768607408034;416,803
420,9086115274712;415,631
397,84768607408034;413,265
422,93907425416654;415,691
424,96953698086196;418,757
488,8172233473849;474,244
415,84768607408034;413,029
419,9999997075574;398,734
391,96953698086196;420,09
488,68907425416654;471,02
425,96953698086196;419,858
418,9999997075574;396,338
418,84768607408034;416,44
425,96953698086196;415,175
483,21953698086196;470,372
415,93907425416654;414,541
415,8172233473849;417,327
416,84768607408034;414,719
416,9999997075574;409,989
420,9086115274712;420,729
415,9086115274712;416,924
423,84768607408034;419,485
402,8172233473849;420,264
417,87814880077576;417,708
422,9086115274712;481,565
414,96953698086196;420,143
402,8172233473849;417,234
483,0672233473849;497,343
426,96953698086196;535,32
419,84768607408034;415,133
426,9086115274712;417,902
488,9999997075574;446,426
419,8172233473849;418,227
419,87814880077576;417,909
488,37814880077576;485,289
417,96953698086196;415,603
415,9999997075574;394,554
417,9086115274712;412,22
417,9999997075574;396,551
425,93907425416654;420,063
420,8172233473849;457,756
415,93907425416654;417,195
488,6586115274712;468,15
488,96953698086196;789,749
418,9086115274712;419,633
411,96953698086196;509,274
416,96953698086196;415,277
421,87814880077576;415,908
419,8172233473849;495,83
420,84768607408034;414,508
392,87814880077576;412,422
415,96953698086196;420,022
414,93907425416654;415,322
422,9999997075574;397,228
420,93907425416654;416,001
483,18907425416654;475,713
422,8629174557057;418,173
422,8172233473849;474,163
488,21953698086196;471,538
419,9999997075574;620,906
402,84768607408034;421,44
394,8172233473849;414,119
389,96953698086196;417,354
397,93907425416654;528,694
425,84768607408034;413,056
422,8172233473849;414,93
421,9999997075574;397,013
389,9999997075574;397,683
421,84768607408034;417,78
389,9999997075574;392,696
399,43058346529176;418,427
418,87814880077576;462,537
419,96953698086196;419,174
422,96953698086196;460,4
483,1586115274712;535,372
488,09768607408034;471,413
425,87814880077576;418,671
420,87814880077576;416,381
422,96953698086196;414,877
415,87814880077576;418,328
425,9999997075574;398,324
483,12814880077576;477,693
411,9086115274712;417,464
488,8172233473849;590,196
415,9086115274712;415,275
420,93907425416654;415,595
420,9999997075574;405,856
420,9086115274712;415,781
422,96953698086196;419,931
488,68907425416654;477,054
426,9999997075574;394,164
417,8172233473849;419,68
415,93907425416654;419,099
419,93907425416654;415,441
422,84768607408034;416,39
420,84768607408034;417,881
422,93907425416654;531,079
391,93907425416654;418,105
488,59768607408034;471,83
417,87814880077576;419,607
417,96953698086196;418,399
419,9086115274712;420,893
420,93907425416654;440,399
392,96953698086196;432,152
488,1586115274712;474,386
418,9086115274712;416,791
418,84768607408034;418,513
419,96953698086196;416,592
424,8172233473849;419,769
419,87814880077576;417,556
425,8172233473849;416,544
488,3172233473849;688,355
416,8172233473849;415,331
417,84768607408034;415,495
418,96953698086196;419,793
425,87814880077576;414,453
488,1586115274712;487,145
413,96953698086196;417,564
425,9999997075574;446,73
394,93907425416654;413,793
488,34768607408034;477,805
414,8172233473849;431,438
397,96953698086196;555,538
416,87814880077576;415,46
425,84768607408034;451,529
426,9999997075574;394,141
420,96953698086196;417,665
420,9086115274712;415,047
416,9999997075574;396,22
422,93907425416654;497,51
483,21953698086196;487,773
420,93907425416654;420,358
402,9086115274712;419,755
415,87814880077576;417,195
392,84768607408034;416,532
397,87814880077576;419,874
419,9086115274712;413,404
419,93907425416654;419,062
389,9086115274712;413,364
420,84768607408034;420,213
389,87814880077576;411,43
397,96953698086196;415,467
424,96953698086196;413,861
488,68907425416654;673,27
420,87814880077576;420,313
389,93907425416654;418,351
418,84768607408034;415,881
424,87814880077576;418,394
415,8172233473849;413,844
422,84768607408034;418,641
488,43907425416654;477,163
423,96953698086196;414,674
417,96953698086196;418,322
488,2499997075574;443,864
418,9999997075574;397,417
483,18907425416654;470,789
488,62814880077576;476,1
424,96953698086196;418,052
414,96953698086196;415,402
424,9999997075574;408,734
415,87814880077576;415,709
419,8172233473849;416,768
417,84768607408034;415,943
420,84768607408034;411,257
488,7499997075574;438,349
426,96953698086196;413,545
419,84768607408034;418,026
394,84768607408034;418,213
391,8172233473849;421,045
425,8172233473849;413,668
415,87814880077576;417,21
419,96953698086196;414,802
415,96953698086196;418,873
397,84768607408034;412,413
424,9543056357919;418,188
426,9086115274712;420,782
488,7499997075574;441,108
426,87814880077576;416,928
416,96953698086196;416,217
402,87814880077576;416,959
419,8172233473849;415,604
488,71953698086196;611,283
416,93907425416654;421,83
414,93907425416654;419,0
415,84768607408034;500,733
420,87814880077576;419,677
417,9086115274712;418,642
420,9086115274712;414,218
420,96953698086196;417,609
414,84768607408034;416,234
417,93907425416654;418,687
402,8172233473849;417,677
420,93907425416654;414,47
415,87814880077576;414,746
488,93907425416654;477,234
417,84768607408034;416,754
421,96953698086196;414,811
417,9999997075574;400,893
417,84768607408034;505,85
422,9999997075574;397,872
413,9999997075574;398,082
488,4086115274712;472,487
488,59768607408034;474,574
417,8172233473849;413,745
391,9086115274712;416,466
420,87814880077576;414,78
425,9086115274712;417,184
426,93907425416654;412,169
417,87814880077576;459,379
389,87814880077576;419,708
425,93907425416654;501,7
425,9086115274712;419,465
418,9999997075574;396,695
424,8172233473849;419,127
392,9086115274712;667,262
422,93907425416654;508,318
417,9086115274712;482,418
416,93907425416654;417,737
391,9999997075574;409,746
419,8172233473849;412,15
417,8629174557057;416,646
420,9999997075574;394,938
414,9086115274712;414,505
417,8172233473849;414,928
488,96953698086196;472,85
397,43058346529176;415,372
419,87814880077576;442,259
389,96953698086196;418,566
419,93907425416654;412,036
420,84768607408034;413,999
420,9086115274712;425,166
419,9999997075574;394,945
417,87814880077576;414,393
414,96953698086196;416,644
397,93907425416654;413,33
420,9999997075574;400,564
419,84768607408034;413,698
422,84768607408034;420,299
415,96953698086196;419,669
417,9086115274712;417,602
417,87814880077576;418,401
402,96953698086196;416,215
417,9999997075574;453,474
415,9086115274712;421,435
417,96953698086196;418,823
415,9999997075574;397,416
415,84768607408034;413,319
422,96953698086196;417,385
415,84768607408034;413,781
422,84768607408034;418,145
419,84768607408034;415,064
483,2499997075574;443,245
422,84768607408034;418,81
417,8172233473849;461,76
418,96953698086196;419,819
415,9999997075574;532,33
488,3172233473849;474,417
426,9086115274712;420,24
417,84768607408034;418,27
402,8172233473849;419,079
415,84768607408034;417,214
415,93907425416654;414,737
418,87814880077576;415,937
420,8172233473849;418,73
488,0672233473849;466,232
413,93907425416654;413,967
394,87814880077576;416,499
415,93907425416654;423,84
488,96953698086196;473,556
402,84768607408034;414,822
415,87814880077576;418,75
418,93907425416654;412,233
488,5672233473849;468,311
419,9086115274712;476,349
419,93907425416654;418,549
481,61116722302614;473,739
420,87814880077576;417,627
392,8172233473849;416,508
394,9999997075574;397,7
418,96953698086196;413,237
488,7499997075574;440,637
423,8172233473849;407,656
420,9999997075574;392,857
394,8172233473849;415,175
419,84768607408034;420,175
392,96953698086196;576,806
416,96953698086196;418,529
422,84768607408034;419,862
414,93907425416654;414,307
415,93907425416654;419,886
488,43907425416654;475,41
417,93907425416654;411,765
488,62814880077576;476,471
418,9999997075574;410,936
421,9999997075574;398,385
415,84768607408034;414,883
422,87814880077576;417,422
419,84768607408034;420,519
419,96953698086196;415,933
420,9999997075574;397,145
422,87814880077576;411,079
420,8172233473849;415,601
415,87814880077576;418,419
415,96953698086196;418,124
419,9999997075574;409,702
418,93907425416654;419,477
417,9086115274712;415,828
488,5672233473849;474,532
421,87814880077576;417,135
425,84768607408034;415,578
426,87814880077576;414,349
411,9999997075574;408,974
392,84768607408034;415,915
416,87814880077576;415,617
415,96953698086196;416,284
424,84768607408034;416,73
415,87814880077576;421,002
424,8629174557057;419,766
425,84768607408034;412,096
391,87814880077576;412,176
402,9999997075574;404,155
415,84768607408034;412,804
413,9086115274712;419,078
488,1586115274712;480,368
488,37814880077576;471,569
419,93907425416654;419,46
419,9086115274712;461,257
488,8172233473849;476,763
391,9999997075574;399,118
414,84768607408034;416,571
417,9086115274712;417,148
418,9086115274712;417,712
421,8172233473849;432,451
425,96953698086196;415,097
422,96953698086196;433,247
416,9086115274712;415,246
422,9999997075574;398,151
415,9999997075574;397,023
416,84768607408034;415,963
421,96953698086196;418,999
488,84768607408034;474,2
488,68907425416654;480,589
417,84768607408034;415,326
421,8172233473849;419,973
422,9086115274712;417,208
422,9999997075574;437,111
420,96953698086196;418,787
415,84768607408034;415,567
415,87814880077576;413,521
415,9999997075574;397,464
488,43907425416654;661,335
415,9086115274712;418,593
419,93907425416654;415,3
488,1586115274712;478,636
422,93907425416654;417,965
488,46953698086196;471,636
402,9999997075574;393,631
418,84768607408034;418,216
422,9999997075574;394,513
420,9086115274712;414,36
385,7223347384949;418,884
424,9086115274712;413,473
417,9999997075574;394,631
425,93907425416654;414,68
422,84768607408034;419,198
423,9086115274712;418,917
420,8172233473849;419,625
424,9086115274712;415,934
417,9999997075574;397,735
389,87814880077576;419,332
420,96953698086196;418,909
394,87814880077576;414,971
415,8172233473849;593,04
415,84768607408034;418,3
419,9999997075574;399,921
426,8172233473849;414,961
415,8172233473849;420,003
425,9999997075574;397,077
488,34768607408034;472,948
419,84768607408034;436,215
425,9086115274712;414,555
417,93907425416654;418,684
392,93907425416654;418,944
417,87814880077576;416,89
488,09768607408034;652,27
426,96953698086196;416,078
421,93907425416654;416,367
488,9086115274712;476,452
417,8172233473849;412,528
411,87814880077576;420,382
419,96953698086196;413,444
488,59768607408034;477,272
417,93907425416654;419,576
415,9999997075574;399,284
417,8172233473849;434,729
483,12814880077576;477,339
394,9999997075574;398,323
422,9999997075574;398,214
422,96953698086196;418,693
488,84768607408034;475,366
417,96953698086196;417,959
418,87814880077576;415,053
488,71953698086196;479,826
417,8172233473849;548,338
422,9086115274712;417,914
425,9086115274712;414,845
415,9086115274712;418,55
420,8172233473849;418,728
488,0672233473849;476,876
415,96953698086196;418,22
417,84768607408034;417,843
415,8172233473849;417,049
417,9999997075574;394,238
413,93907425416654;417,179
420,9999997075574;399,53
417,84768607408034;412,991
421,9086115274712;412,341
416,8172233473849;418,503
391,87814880077576;414,877
419,8172233473849;419,33
426,87814880077576;419,83
397,93907425416654;420,662
488,62814880077576;487,833
420,87814880077576;414,217
402,96953698086196;418,97
416,8172233473849;500,935
418,96953698086196;593,944
418,84768607408034;419,207
488,7499997075574;442,223
423,8172233473849;417,2
488,46953698086196;479,383
419,84768607408034;417,948
483,1586115274712;473,285
415,96953698086196;416,809
415,93907425416654;415,498
420,84768607408034;417,955
488,93907425416654;474,638
415,8172233473849;419,211
413,84768607408034;458,319
418,87814880077576;417,267
419,96953698086196;418,479
415,8172233473849;417,48
488,09768607408034;474,256
417,9999997075574;400,34
425,96953698086196;418,077
390,2917509807605;418,971
419,96953698086196;418,79
420,9999997075574;394,505
416,9999997075574;442,471
417,9999997075574;397,34
394,87814880077576;418,499
417,93907425416654;418,107
419,8172233473849;417,729
422,8172233473849;417,757
415,84768607408034;520,093
419,93907425416654;415,586
418,84768607408034;415,803
418,9999997075574;398,37
394,87814880077576;418,175
415,84768607408034;420,357
415,93907425416654;415,944
417,9086115274712;418,626
402,84768607408034;418,788
415,9086115274712;419,792
488,68907425416654;471,863
417,9999997075574;403,933
416,87814880077576;418,048
421,9086115274712;413,834
403,43058346529176;419,262
417,9086115274712;415,535
425,84768607408034;416,572
422,96953698086196;416,804
394,9999997075574;397,807
422,9086115274712;415,243
415,96953698086196;416,664
415,87814880077576;413,04
414,8172233473849;415,964
419,87814880077576;418,323
483,09768607408034;470,442
417,8172233473849;414,275
418,93907425416654;418,215
420,84768607408034;419,86
414,96953698086196;418,05
414,84768607408034;417,956
426,84768607408034;417,395
397,9086115274712;421,878
417,9086115274712;414,502
488,62814880077576;473,811
419,96953698086196;420,454
418,9086115274712;417,344
421,8172233473849;414,182
488,71953698086196;482,68
488,9999997075574;439,745
419,9086115274712;420,338
413,96953698086196;418,753
417,96953698086196;415,941
411,96953698086196;413,87
420,8172233473849;417,123
488,62814880077576;484,918
391,9086115274712;444,262
417,96953698086196;420,08
422,9999997075574;397,107
411,8172233473849;419,654
488,46953698086196;475,027
411,9086115274712;418,177
415,9999997075574;396,638
488,12814880077576;659,122
419,9999997075574;409,614
419,9999997075574;399,455
488,21953698086196;542,284
389,9086115274712;417,552
426,84768607408034;418,217
419,9086115274712;413,821
422,9086115274712;420,827
415,9086115274712;415,616
417,9999997075574;601,847
415,9999997075574;398,63
419,93907425416654;413,89
420,96953698086196;420,056
420,96953698086196;416,443
394,8172233473849;428,47
419,9086115274712;414,653
394,96953698086196;417,284
488,34768607408034;478,411
414,93907425416654;419,768
417,87814880077576;414,127
413,9086115274712;419,029
488,09768607408034;479,389
421,93907425416654;417,148
417,84768607408034;420,065
418,9086115274712;419,316
422,96953698086196;419,46
415,87814880077576;416,502
488,93907425416654;473,785
420,93907425416654;418,243
417,9999997075574;396,353
422,93907425416654;417,094
488,84768607408034;477,089
488,71953698086196;471,311
418,87814880077576;415,226
394,84768607408034;490,324
402,9999997075574;399,82
422,8172233473849;418,524
417,87814880077576;417,825
417,96953698086196;415,717
419,8172233473849;415,769
415,96953698086196;418,231
419,96953698086196;417,959
488,62814880077576;472,629
488,7499997075574;460,919
425,8172233473849;417,144
420,87814880077576;414,155
422,84768607408034;416,273
394,96953698086196;417,062
417,8172233473849;419,597
414,9999997075574;396,944
419,96953698086196;415,617
422,9999997075574;404,907
415,96953698086196;418,556
415,93907425416654;418,857
411,84768607408034;415,234
420,93907425416654;415,174
426,9999997075574;394,994
488,3172233473849;738,104
488,59768607408034;485,097
415,8172233473849;418,367
418,87814880077576;418,585
422,93907425416654;417,183
392,9086115274712;414,313
415,84768607408034;413,547
416,87814880077576;413,82
488,96953698086196;478,039
411,93907425416654;435,477
411,84768607408034;415,493
402,9086115274712;456,982
420,9086115274712;419,8
415,87814880077576;418,533
422,87814880077576;419,385
417,93907425416654;415,721
425,96953698086196;417,976
415,84768607408034;413,936
418,84768607408034;419,147
391,87814880077576;416,0
425,87814880077576;418,261
424,96953698086196;417,332
415,9086115274712;415,509
488,4999997075574;446,966
418,9999997075574;395,076
418,84768607408034;416,161
488,87814880077576;471,383
425,96953698086196;416,68
415,93907425416654;417,395
413,96953698086196;418,998
417,9086115274712;417,545
422,9086115274712;413,065
415,96953698086196;642,804
425,9999997075574;408,017
389,8172233473849;418,022
418,84768607408034;417,455
488,9999997075574;443,014
388,2917509807605;414,087
488,6586115274712;483,33
420,84768607408034;416,765
414,96953698086196;417,24
426,8172233473849;419,497
415,87814880077576;416,832
488,8172233473849;476,076
488,7499997075574;440,0
419,9999997075574;394,209
419,84768607408034;416,196
394,8172233473849;410,672
488,93907425416654;482,365
416,96953698086196;420,567
426,87814880077576;416,616
402,87814880077576;415,8
417,96953698086196;418,198
424,9543056357919;418,681
420,8172233473849;420,178
420,8172233473849;416,192
417,93907425416654;418,212
415,93907425416654;416,28
416,84768607408034;417,316
423,84768607408034;417,212
421,87814880077576;417,81
419,84768607408034;418,377
422,9086115274712;417,633
415,84768607408034;412,718
411,9086115274712;419,394
402,9086115274712;419,623
488,12814880077576;480,91
415,84768607408034;414,578
488,21953698086196;670,838
483,0672233473849;474,64
488,93907425416654;474,263
417,9999997075574;399,221
425,93907425416654;415,888
425,84768607408034;419,539
488,6586115274712;470,179
422,8172233473849;416,97
391,8172233473849;413,889
415,9086115274712;412,63
419,9086115274712;416,053
424,87814880077576;415,579
426,96953698086196;415,216
419,84768607408034;413,408
402,93907425416654;417,163
418,9999997075574;407,459
392,93907425416654;415,291
422,8172233473849;418,317
426,93907425416654;417,373
419,9999997075574;399,525
402,84768607408034;418,73
425,8172233473849;416,315
419,93907425416654;421,066
422,96953698086196;413,033
419,8172233473849;413,366
417,93907425416654;419,608
422,87814880077576;418,074
415,87814880077576;415,843
488,84768607408034;473,715
422,8172233473849;414,057
488,87814880077576;501,457
422,9086115274712;418,189
415,9086115274712;416,342
423,96953698086196;421,594
420,93907425416654;419,34
416,93907425416654;412,968
394,9999997075574;410,401
421,84768607408034;417,661
420,9999997075574;399,961
422,87814880077576;414,839
389,9086115274712;414,931
414,9086115274712;416,605
417,87814880077576;415,419
415,96953698086196;412,822
415,9086115274712;413,895
415,84768607408034;418,195
392,8172233473849;414,969
422,8172233473849;417,387
420,9086115274712;416,572
417,96953698086196;419,333
394,8172233473849;419,431
417,96953698086196;416,18
415,9999997075574;398,396
417,9086115274712;415,235
415,8172233473849;415,919
417,84768607408034;417,884
422,84768607408034;213,827
417,8172233473849;420,142
415,9999997075574;400,297
415,9999997075574;398,129
488,93907425416654;470,966
418,8172233473849;419,39
423,93907425416654;419,532
423,84768607408034;416,824
418,96953698086196;420,778
488,1586115274712;510,997
425,9999997075574;397,511
414,9999997075574;400,773
419,96953698086196;415,328
402,96953698086196;414,849
415,9086115274712;419,769
415,93907425416654;419,68
420,8172233473849;419,537
397,9999997075574;397,502
426,9999997075574;396,136
426,96953698086196;417,287
415,84768607408034;420,037
416,87814880077576;415,932
419,93907425416654;418,773
420,9086115274712;416,863
422,93907425416654;418,703
394,9086115274712;419,27
418,96953698086196;458,0
419,9086115274712;414,909
424,8172233473849;414,602
418,87814880077576;541,119
416,96953698086196;418,367
417,8172233473849;415,297
488,84768607408034;475,613
422,96953698086196;482,076
397,93907425416654;482,372
420,87814880077576;420,922
488,68907425416654;470,771
420,84768607408034;421,468
417,93907425416654;414,045
422,9086115274712;416,857
411,87814880077576;418,976
418,84768607408034;412,08
418,9999997075574;409,426
418,9086115274712;418,572
416,8172233473849;418,943
413,96953698086196;415,241
425,9999997075574;398,57
414,8172233473849;414,184
397,9999997075574;398,555
392,96953698086196;416,949
488,2499997075574;444,674
488,62814880077576;475,019
423,87814880077576;414,975
420,96953698086196;420,232
421,9999997075574;393,132
414,96953698086196;416,411
426,8172233473849;417,772
422,84768607408034;414,971
415,87814880077576;413,386
416,8172233473849;415,695
418,93907425416654;415,986
488,8172233473849;474,443
488,7499997075574;472,257
419,84768607408034;415,97
413,9999997075574;405,69
415,96953698086196;412,437
417,9086115274712;419,537
488,5672233473849;471,57
425,84768607408034;418,671
416,8172233473849;416,535
416,87814880077576;417,717
419,93907425416654;420,687
419,9999997075574;397,541
488,9086115274712;476,267
419,87814880077576;418,702
415,93907425416654;419,14
416,87814880077576;415,365
392,8172233473849;417,864
488,4086115274712;477,511
416,84768607408034;418,504
415,9086115274712;413,581
417,87814880077576;416,829
416,84768607408034;419,622
420,93907425416654;418,114
419,9086115274712;418,94
422,9086115274712;639,206
391,9086115274712;413,078
415,84768607408034;417,814
417,9999997075574;396,709
419,9086115274712;414,087
426,96953698086196;419,54
425,8172233473849;414,314
423,9999997075574;406,745
415,87814880077576;419,426
417,9086115274712;414,012
392,93907425416654;417,593
417,9999997075574;397,848
488,68907425416654;474,058
419,8172233473849;418,319
483,18907425416654;474,645
417,84768607408034;417,861
488,93907425416654;475,06
415,87814880077576;498,176
415,9999997075574;392,421
483,21953698086196;477,0
417,9999997075574;408,86
488,68907425416654;479,362
420,93907425416654;419,118
488,71953698086196;493,355
488,4086115274712;473,538
397,8172233473849;445,397
414,93907425416654;414,709
392,84768607408034;412,452
422,9999997075574;398,138
415,9999997075574;681,159
415,9086115274712;417,913
426,93907425416654;417,369
424,9086115274712;419,276
417,9999997075574;398,614
389,93907425416654;414,439
415,9999997075574;407,978
425,9086115274712;548,972
418,9999997075574;396,108
483,18907425416654;476,044
426,84768607408034;415,458
416,93907425416654;552,848
420,87814880077576;416,385
391,87814880077576;662,262
488,6586115274712;475,775
483,09768607408034;473,374
416,84768607408034;426,861
414,9086115274712;414,884
417,8172233473849;415,666
488,59768607408034;476,477
488,9999997075574;454,287
420,84768607408034;416,763
419,96953698086196;417,971
488,12814880077576;480,218
426,9086115274712;418,894
418,93907425416654;421,517
417,87814880077576;413,311
415,8172233473849;411,603
488,34768607408034;470,875
391,8172233473849;417,741
418,9999997075574;396,329
394,2917509807605;412,271
417,8172233473849;416,438
402,87814880077576;624,398
413,87814880077576;417,074
420,96953698086196;419,724
483,12814880077576;482,723
415,9999997075574;398,79
418,8172233473849;417,882
416,9999997075574;729,441
421,93907425416654;412,475
402,87814880077576;414,592
488,9999997075574;443,452
417,8629174557057;417,306
417,8172233473849;419,222
419,87814880077576;419,879
417,8172233473849;417,697
488,96953698086196;476,555
402,9999997075574;395,257
419,84768607408034;418,645
426,9086115274712;415,167
416,9086115274712;417,552
488,3172233473849;474,432
417,84768607408034;419,203
418,9999997075574;397,884
415,87814880077576;417,432
391,8172233473849;411,936
425,9086115274712;434,839
420,8172233473849;414,83
417,9086115274712;413,287
415,96953698086196;414,944
389,96953698086196;417,627
419,84768607408034;419,403
488,71953698086196;482,101
418,96953698086196;418,72
419,9086115274712;416,726
424,8172233473849;415,985
418,8172233473849;415,098
415,96953698086196;412,947
488,43907425416654;486,782
416,8172233473849;415,449
419,93907425416654;413,996
418,96953698086196;415,11
392,87814880077576;415,418
415,84768607408034;415,174
423,8172233473849;415,756
418,87814880077576;415,573
415,93907425416654;415,32
417,8172233473849;411,94
417,93907425416654;416,93
418,8172233473849;417,044
415,87814880077576;417,273
391,96953698086196;420,608
422,96953698086196;483,845
420,96953698086196;417,017
421,9999997075574;397,73
417,9999997075574;397,282
418,93907425416654;417,657
419,96953698086196;415,331
417,9086115274712;412,599
488,59768607408034;484,94
417,9086115274712;418,486
488,5672233473849;614,249
418,84768607408034;417,528
426,84768607408034;419,962
389,9086115274712;416,978
394,9086115274712;419,636
488,9999997075574;443,718
416,96953698086196;415,004
415,8172233473849;415,696
415,96953698086196;420,686
397,93907425416654;420,037
424,9999997075574;395,835
415,84768607408034;460,204
418,9086115274712;415,514
419,9086115274712;420,402
394,96953698086196;413,853
488,96953698086196;479,599
415,87814880077576;414,653
425,87814880077576;414,21
392,87814880077576;415,301
426,93907425416654;418,552
418,93907425416654;418,526
413,96953698086196;413,943
402,93907425416654;418,849
421,8172233473849;415,6
425,96953698086196;419,3
488,87814880077576;483,415
426,87814880077576;414,656
419,87814880077576;418,878
417,96953698086196;417,409
416,93907425416654;417,0
415,9999997075574;394,818
488,93907425416654;474,695
413,8172233473849;419,834
488,71953698086196;475,172
425,8172233473849;421,123
422,9999997075574;399,186
413,9086115274712;418,669
426,93907425416654;415,824
417,9999997075574;399,21
488,37814880077576;476,43
420,9999997075574;404,867
419,93907425416654;418,767
417,8172233473849;585,119
392,8172233473849;416,13
488,46953698086196;621,48
415,9086115274712;412,443
417,87814880077576;418,194
420,87814880077576;414,766
414,84768607408034;416,161
411,9086115274712;415,062
418,9086115274712;781,908
423,93907425416654;420,898
423,9086115274712;416,263
416,84768607408034;420,21
426,9086115274712;419,749
421,96953698086196;418,97
421,96953698086196;415,155
411,9999997075574;399,944
483,1586115274712;474,266
488,59768607408034;471,633
422,9543056357919;419,617
420,8172233473849;481,041
419,9086115274712;471,69
417,87814880077576;418,205
415,8172233473849;415,48
415,9086115274712;414,512
488,34768607408034;643,406
417,84768607408034;723,065
419,9086115274712;418,488
425,93907425416654;419,06
422,84768607408034;418,838
397,8172233473849;414,949
420,96953698086196;412,6
417,87814880077576;418,91
422,8172233473849;530,342
415,96953698086196;421,091
426,84768607408034;417,967
423,9086115274712;418,723
416,9999997075574;397,238
418,8172233473849;418,142
421,93907425416654;411,046
419,87814880077576;416,189
488,87814880077576;474,412
415,8172233473849;415,029
417,8172233473849;415,002
419,87814880077576;419,024
426,96953698086196;418,371
488,96953698086196;478,578
419,9999997075574;412,368
391,9999997075574;399,701
418,87814880077576;415,525
488,71953698086196;475,617
422,9999997075574;400,338
425,9086115274712;417,703
415,96953698086196;419,055
420,8172233473849;420,039
417,96953698086196;587,807
488,9086115274712;479,542
426,93907425416654;417,578
488,9999997075574;467,055
389,8172233473849;415,524
488,96953698086196;676,791
397,9086115274712;416,042
415,9999997075574;396,011
483,2499997075574;460,443
488,6586115274712;470,186
418,8172233473849;418,691
420,87814880077576;415,733
417,93907425416654;419,416
413,84768607408034;418,412
419,8172233473849;416,729
389,8172233473849;415,987
488,5672233473849;475,637
422,8172233473849;415,278
416,8172233473849;478,207
418,96953698086196;413,279
418,87814880077576;416,057
419,87814880077576;417,443
415,84768607408034;423,251
415,93907425416654;418,638
411,84768607408034;412,664
417,84768607408034;417,046
350,86116722302614;413,835
394,9999997075574;395,665
413,93907425416654;416,15
413,84768607408034;434,64
422,87814880077576;417,912
418,87814880077576;413,371
415,8172233473849;414,903
421,9086115274712;416,519
413,87814880077576;418,504
417,9999997075574;396,189
488,93907425416654;474,398
394,90861154574884;416,115
411,8172233473849;414,438
419,96953698086196;467,616
483,18907425416654;472,067
488,84768607408034;479,481
415,93907425416654;481,061
418,84768607408034;420,095
488,7499997075574;445,552
415,8172233473849;414,864
417,87814880077576;418,89
415,93907425416654;419,461
416,96953698086196;629,825
423,9999997075574;399,561
426,9999997075574;394,611
391,87814880077576;412,961
419,84768607408034;416,278
418,96953698086196;493,347
488,9086115274712;468,095
419,8172233473849;413,852
386,2917509807605;415,456
415,96953698086196;412,208
488,6586115274712;474,928
420,9999997075574;391,008
420,84768607408034;414,782
416,9999997075574;400,357
417,96953698086196;417,726
417,8172233473849;418,476
418,93907425416654;416,165
416,9999997075574;398,611
391,96953698086196;415,656
421,8172233473849;412,458
416,9086115274712;419,564
415,9086115274712;417,064
488,0672233473849;478,443
488,96953698086196;474,515
420,84768607408034;416,375
417,96953698086196;419,291
425,87814880077576;418,391
422,9086115274712;419,004
422,9999997075574;393,995
415,87814880077576;418,378
413,9086115274712;418,396
488,37814880077576;472,929
419,93907425416654;575,854
423,9999997075574;397,649
411,9086115274712;413,209
417,9086115274712;419,49
392,9086115274712;500,146
488,12814880077576;476,273
426,84768607408034;416,304
391,84768607408034;417,873
416,84768607408034;465,383
415,9086115274712;418,601
419,9999997075574;396,629
391,9086115274712;519,485
422,8172233473849;416,363
417,84768607408034;412,318
425,87814880077576;413,62
420,84768607408034;413,175
419,9999997075574;405,958
392,87814880077576;414,04
420,96953698086196;602,766
417,87814880077576;416,539
411,8172233473849;416,527
483,2499997075574;441,635
419,9086115274712;417,154
403,9999997075574;395,551
415,93907425416654;418,597
424,93907425416654;416,33
392,9999997075574;438,457
419,8172233473849;415,672
422,8172233473849;419,98
426,9999997075574;409,87
422,8172233473849;418,198
416,9086115274712;417,636
421,93907425416654;417,57
417,93907425416654;420,555
422,87814880077576;412,67
392,8172233473849;418,834
389,84768607408034;417,787
415,9086115274712;414,245
415,9999997075574;401,307
423,96953698086196;418,471
394,9086115274712;412,742
488,2499997075574;454,915
417,96953698086196;413,576
488,96953698086196;478,129
488,71953698086196;753,22
417,9086115274712;419,585
415,8172233473849;416,124
483,1586115274712;474,75
415,9999997075574;591,074
415,96953698086196;417,876
417,9543056357919;414,646
416,84768607408034;416,86
424,84768607408034;422,683
419,96953698086196;417,041
411,84768607408034;474,013
426,9999997075574;396,464
415,9999997075574;396,427
389,8172233473849;418,984
414,9999997075574;396,152
419,87814880077576;415,499
411,84768607408034;414,998
417,84768607408034;418,548
418,87814880077576;414,146
421,9086115274712;595,979
425,96953698086196;418,614
422,93907425416654;440,65
392,96953698086196;421,791
415,84768607408034;412,174
411,8172233473849;412,676
415,8172233473849;417,134
488,9999997075574;443,49
420,9086115274712;413,546
425,8172233473849;418,56
426,8172233473849;417,761
417,96953698086196;412,7
389,9086115274712;417,519
418,96953698086196;481,568
413,87814880077576;418,007
488,46953698086196;589,597
417,8172233473849;414,398
418,9086115274712;421,018
415,96953698086196;420,023
426,9999997075574;396,697
415,8172233473849;415,345
417,93907425416654;418,279
397,9086115274712;418,901
488,4999997075574;638,287
488,9086115274712;474,653
419,8172233473849;413,958
426,87814880077576;420,311
415,96953698086196;417,596
390,2917509807605;412,757
488,9999997075574;444,013
425,84768607408034;530,28
392,84768607408034;415,538
402,93907425416654;421,821
415,9999997075574;396,712
488,6586115274712;469,388
420,84768607408034;416,156
415,90861154574884;415,612
422,87814880077576;414,497
397,96953698086196;419,058
415,96953698086196;415,906
488,8172233473849;472,487
415,84768607408034;506,817
419,9999997075574;394,757
415,9086115274712;419,585
417,87814880077576;413,643
488,6586115274712;481,927
483,18907425416654;477,101
422,9086115274712;415,339
397,8172233473849;415,823
416,84768607408034;414,536
422,9999997075574;399,129
426,9086115274712;628,105
483,09768607408034;475,143
422,9086115274712;419,558
426,8172233473849;418,422
423,9999997075574;398,469
422,84768607408034;411,96
411,9086115274712;418,155
417,9086115274712;419,492
488,93907425416654;479,235
488,12814880077576;474,284
418,96953698086196;419,41
419,93907425416654;419,382
397,84768607408034;415,42
416,96953698086196;413,508
416,87814880077576;414,615
397,9086115274712;418,741
417,9999997075574;398,121
424,93907425416654;416,669
426,8172233473849;417,531
417,9999997075574;396,504
425,93907425416654;599,064
411,93907425416654;576,672
421,93907425416654;414,248
488,6586115274712;487,311
425,87814880077576;417,289
415,93907425416654;417,086
416,9999997075574;409,019
411,8172233473849;425,222
419,9086115274712;420,535
488,87814880077576;481,555
415,9086115274712;412,645
415,9999997075574;407,412
419,9999997075574;393,846
418,96953698086196;415,235
415,93907425416654;415,62
416,9086115274712;416,55
417,93907425416654;413,477
488,9086115274712;483,667
413,9999997075574;395,438
402,8172233473849;418,639
419,87814880077576;413,93
415,96953698086196;418,09
415,9086115274712;420,317
417,8172233473849;414,853
422,87814880077576;416,775
421,84768607408034;419,173
411,9999997075574;398,64
488,37814880077576;478,152
426,93907425416654;420,0
424,87814880077576;419,161
419,93907425416654;416,575
417,8172233473849;414,617
413,9999997075574;393,134
418,9999997075574;395,456
397,9999997075574;405,107
415,87814880077576;420,758
415,9999997075574;400,182
419,8172233473849;419,73
422,96953698086196;418,673
426,96953698086196;421,078
418,9999997075574;392,559
392,93907425416654;431,993
488,9086115274712;480,547
418,8172233473849;416,689
389,96953698086196;418,873
397,8172233473849;415,552
402,9086115274712;419,895
424,84768607408034;416,302
483,21953698086196;495,192
419,9999997075574;397,715
414,9999997075574;393,934
415,9086115274712;418,32
426,9086115274712;414,362
417,96953698086196;415,647
420,96953698086196;417,229
417,9086115274712;432,651
415,9086115274712;415,699
419,84768607408034;415,479
420,9086115274712;440,678
416,9086115274712;413,96
414,96953698086196;420,266
395,43058346529176;418,026
418,8172233473849;418,44
423,93907425416654;418,956
488,68907425416654;471,297
488,1586115274712;473,874
420,93907425416654;544,581
415,87814880077576;624,216
394,93907425416654;418,152
418,96953698086196;413,55
420,8172233473849;419,142
418,8172233473849;418,73
397,84768607408034;479,651
426,9086115274712;414,953
417,93907425416654;418,624
426,9999997075574;391,645
417,93907425416654;413,07
422,96953698086196;420,362
415,87814880077576;419,855
413,96953698086196;419,138
394,87814880077576;419,199
425,9999997075574;395,214
418,93907425416654;415,394
414,8172233473849;417,333
419,93907425416654;419,168
420,96953698086196;419,742
423,9086115274712;416,786
392,8172233473849;415,901
394,9999997075574;396,124
417,96953698086196;419,171
414,84768607408034;417,533
488,84768607408034;483,579
488,8172233473849;488,04
419,84768607408034;412,474
420,9999997075574;393,098
392,96953698086196;414,195
416,8172233473849;480,441
411,87814880077576;412,89
422,96953698086196;419,472
425,9999997075574;392,257
416,84768607408034;416,497
419,9086115274712;418,307
419,87814880077576;414,615
422,9086115274712;415,078
422,96953698086196;418,233
426,8172233473849;413,998
415,87814880077576;414,157
426,87814880077576;420,616
418,93907425416654;415,277
488,7499997075574;446,23
426,96953698086196;411,974
425,8172233473849;415,036
488,59768607408034;478,403
413,9086115274712;420,094
392,84768607408034;415,349
417,96953698086196;549,204
483,2499997075574;444,352
402,84768607408034;414,396
397,43058346529176;414,118
392,9086115274712;416,584
415,9086115274712;416,964
417,9999997075574;397,61
421,9999997075574;408,541
420,9086115274712;416,067
418,8172233473849;420,523
420,93907425416654;415,55
488,71953698086196;479,885
414,93907425416654;420,469
418,87814880077576;418,808
418,9086115274712;414,243
416,9999997075574;394,407
424,93907425416654;587,961
419,87814880077576;419,045
389,84768607408034;417,106
424,9086115274712;417,931
488,68907425416654;470,115
417,84768607408034;455,026
417,9999997075574;397,351
417,96953698086196;418,094
417,8172233473849;415,824
420,96953698086196;416,551
423,87814880077576;415,143
420,9086115274712;419,731
422,84768607408034;418,211
411,9999997075574;396,281
417,8172233473849;583,744
397,9086115274712;416,237
488,59768607408034;489,133
418,84768607408034;422,564
423,87814880077576;417,968
426,93907425416654;431,174
415,96953698086196;419,886
417,87814880077576;413,103
414,9999997075574;410,49
415,9999997075574;391,216
402,93907425416654;458,505
419,8172233473849;414,496
419,87814880077576;415,83
420,87814880077576;419,925
418,9999997075574;534,505
415,93907425416654;417,848
415,8172233473849;419,053
418,8172233473849;413,179
414,87814880077576;419,127
422,9999997075574;402,289
420,9999997075574;394,321
419,8172233473849;420,722
414,9086115274712;417,744
488,96953698086196;474,999
426,9086115274712;420,521
417,96953698086196;413,917
417,96953698086196;418,353
419,87814880077576;417,053
415,96953698086196;415,232
415,9999997075574;397,75
416,9999997075574;395,363
416,9086115274712;417,467
418,8172233473849;415,819
421,87814880077576;419,574
419,8172233473849;539,754
415,84768607408034;413,842
420,8172233473849;412,45
422,9999997075574;393,732
418,96953698086196;418,27
488,7499997075574;442,154
418,8172233473849;415,29
420,87814880077576;415,553
488,18907425416654;482,798
413,84768607408034;417,949
417,84768607408034;415,779
420,93907425416654;414,985
402,93907425416654;458,55
415,84768607408034;420,431
418,87814880077576;415,904
420,9999997075574;396,641
415,87814880077576;413,476
397,8172233473849;416,401
422,87814880077576;419,997
425,84768607408034;419,217
391,87814880077576;453,868
413,8172233473849;420,993
420,96953698086196;419,013
417,93907425416654;420,18
420,9086115274712;416,431
402,8172233473849;417,804
419,84768607408034;414,333
419,96953698086196;432,234
419,84768607408034;417,048
415,9543056357919;419,29
391,9999997075574;400,656
488,87814880077576;486,322
424,9999997075574;522,261
488,09768607408034;472,955
411,87814880077576;414,603
418,96953698086196;418,808
415,84768607408034;415,38
416,96953698086196;416,023
488,9086115274712;472,837
421,9999997075574;395,566
422,96953698086196;413,682
389,8172233473849;414,372
394,87814880077576;413,011
418,93907425416654;418,423
419,93907425416654;416,622
423,8172233473849;416,163
415,84768607408034;415,869
425,8172233473849;417,326
415,87814880077576;417,656
417,9086115274712;488,166
417,9086115274712;418,568
402,84768607408034;430,963
488,3172233473849;478,943
418,93907425416654;420,263
394,93907425416654;417,253
426,87814880077576;418,143
422,93907425416654;419,082
488,9086115274712;472,279
394,9999997075574;394,209
415,87814880077576;415,063
415,9086115274712;417,907
389,87814880077576;418,668
488,62814880077576;473,741
417,87814880077576;414,07
420,93907425416654;418,643
415,93907425416654;415,593
424,9999997075574;395,244
413,9086115274712;416,783
418,9086115274712;591,633
488,37814880077576;473,615
422,87814880077576;503,17
419,93907425416654;417,847
423,9999997075574;398,639
488,68907425416654;471,538
417,84768607408034;433,844
417,84768607408034;413,351
415,8172233473849;415,942
399,43058346529176;417,368
420,9086115274712;417,804
420,87814880077576;414,59
416,93907425416654;412,935
416,84768607408034;415,627
421,96953698086196;418,374
419,84768607408034;415,736
390,86116722302614;418,408
422,84768607408034;418,078
413,8172233473849;414,196
415,93907425416654;417,893
415,87814880077576;419,988
421,93907425416654;419,622
392,9086115274712;416,694
488,59768607408034;469,733
422,8172233473849;412,715
425,93907425416654;418,138
392,9086115274712;417,256
416,87814880077576;418,601
418,9086115274712;415,475
488,5672233473849;487,128
391,93907425416654;418,466
425,93907425416654;417,985
416,9086115274712;420,087
488,43907425416654;477,866
488,2499997075574;443,085
424,96953698086196;414,658
392,96953698086196;414,915
488,4999997075574;458,448
488,87814880077576;471,321
420,96953698086196;416,919
488,96953698086196;629,177
420,9999997075574;400,197
394,86116722302614;419,774
422,93907425416654;416,75
422,9543056357919;413,259
488,9086115274712;468,78
415,8172233473849;525,664
420,9086115274712;416,6
419,84768607408034;429,207
426,87814880077576;460,658
415,96953698086196;416,621
415,8172233473849;419,173
391,9086115274712;413,687
415,93907425416654;419,122
417,84768607408034;417,463
417,93907425416654;414,973
391,84768607408034;417,685
420,93907425416654;419,187
425,84768607408034;414,444
413,84768607408034;421,551
416,9999997075574;394,508
415,96953698086196;570,099
422,87814880077576;419,398
415,8172233473849;417,578
417,8172233473849;414,909
415,9999997075574;399,061
392,84768607408034;413,986
425,96953698086196;415,489
418,8172233473849;419,953
420,87814880077576;419,043
426,8172233473849;416,042
403,43058346529176;414,352
389,87814880077576;413,804
417,84768607408034;411,85
418,87814880077576;416,295
425,9086115274712;417,522
426,96953698086196;420,085
417,84768607408034;410,922
413,8172233473849;501,957
397,87814880077576;417,454
421,9086115274712;417,381
397,84768607408034;415,575
422,9086115274712;417,032
417,87814880077576;420,315
394,86116722302614;413,46
488,4086115274712;478,567
488,8172233473849;486,277
419,96953698086196;414,732
397,9999997075574;392,726
417,93907425416654;418,015
391,93907425416654;419,736
415,87814880077576;419,329
415,84768607408034;417,642
488,71953698086196;472,585
389,9999997075574;392,404
488,5672233473849;588,058
488,1586115274712;618,529
419,9086115274712;418,002
397,9999997075574;396,296
418,84768607408034;419,844
416,8172233473849;418,969
419,87814880077576;417,533
488,7499997075574;443,66
488,4086115274712;473,027
419,87814880077576;414,189
420,90861154574884;414,904
420,8172233473849;415,563
415,8629174557057;418,557
425,9086115274712;418,537
483,1586115274712;472,149
416,96953698086196;413,921
420,96953698086196;420,194
418,9999997075574;396,687
420,9999997075574;418,516
422,8172233473849;419,774
397,93907425416654;416,258
426,84768607408034;416,192
419,90861154574884;416,659
414,9086115274712;415,413
417,9086115274712;415,468
488,9086115274712;477,477
417,9999997075574;391,546
415,84768607408034;418,301
422,87814880077576;479,52
419,84768607408034;417,502
417,96953698086196;429,488
415,84768607408034;415,588
420,9999997075574;411,865
411,87814880077576;417,252
416,9999997075574;401,699
417,9086115274712;419,176
422,87814880077576;431,224
418,93907425416654;412,405
391,93907425416654;414,393
419,84768607408034;413,46
415,9086115274712;418,121
488,68907425416654;478,929
419,9999997075574;396,829
415,9999997075574;399,044
422,9999997075574;397,273
391,9999997075574;395,827
420,8172233473849;418,305
424,9999997075574;392,441
422,84768607408034;418,061
413,9086115274712;418,068
488,37814880077576;476,272
417,96953698086196;419,311
419,93907425416654;413,555
423,9999997075574;399,176
415,93907425416654;417,1
417,96953698086196;417,943
419,93907425416654;418,596
392,9999997075574;398,182
413,93907425416654;421,978
488,9999997075574;447,908
488,8172233473849;473,639
416,93907425416654;419,8
488,0672233473849;477,682
417,93907425416654;417,931
413,8172233473849;417,532
415,93907425416654;414,511
394,93907425416654;417,208
419,90861154574884;419,352
394,93907425416654;420,424
411,8172233473849;416,962
402,9086115274712;417,59
422,93907425416654;414,066
413,93907425416654;412,166
391,96953698086196;416,62
417,93907425416654;415,924
418,9086115274712;478,423
389,87814880077576;417,48
397,96953698086196;416,068
415,9999997075574;392,451
419,84768607408034;419,622
420,87814880077576;415,369
416,9086115274712;418,85
415,9086115274712;454,747
413,9999997075574;399,131
488,62814880077576;478,102
425,87814880077576;418,509
411,96953698086196;617,56
415,9999997075574;394,762
417,8172233473849;416,488
415,9999997075574;399,022
488,62814880077576;707,998
414,87814880077576;418,372
422,96953698086196;417,678
418,9999997075574;398,42
415,93907425416654;417,791
415,96953698086196;416,155
414,9999997075574;394,773
417,9999997075574;399,112
425,84768607408034;417,029
415,8172233473849;418,955
488,18907425416654;474,209
415,9999997075574;396,42
423,96953698086196;414,348
420,9999997075574;408,255
417,96953698086196;419,376
43032;418,984;;0,146818586
392,1848574;396,152;;0,010115492
417,731319;415,499;;0,005343911
414,508119;414,998;;0,001181837
418,1064359;418,548;;0,001056105
415,1916312;414,146;;0,00251843
422,0262334;595,979;;0,412184724
484,2781483;418,614;;0,135591805
417,4488303;440,65;;0,055578476
414,2042482;421,791;;0,018316451
415,3104141;412,174;;0,007551976
417,8849486;412,676;;0,012465031
414,7987815;417,134;;0,005629762
491,479238;443,49;;0,097642452
417,20874;413,546;;0,008779154
426,3034826;418,56;;0,018164249
423,9638859;417,761;;0,014630694
416,1826636;412,7;;0,008368113
413,7384853;417,519;;0,00913745
413,9468372;481,568;;0,163357119
416,0956149;418,007;;0,00459362
543,9601146;589,597;;0,083897485
490,7278847;414,398;;0,155544217
488,7334153;421,018;;0,138552866
413,8551168;420,023;;0,014903484
402,1762653;396,697;;0,013624039
417,2346576;415,345;;0,004529004
413,6986518;418,279;;0,011071702
418,3418865;418,901;;0,001336499
465,2187861;638,287;;0,372014671
495,9873604;474,653;;0,04301392
422,1619115;413,958;;0,019433092
487,7410382;420,311;;0,138249671
412,1783517;417,596;;0,013143942
494,4342037;412,757;;0,165193272
504,6516139;444,013;;0,120159358
488,2996319;530,28;;0,085972557
416,7971581;415,538;;0,003021033
422,0690108;421,821;;0,000587607
396,8538015;396,712;;0,000357314
495,9873604;469,388;;0,053629109
416,8442739;416,156;;0,001651154
413,574421;415,612;;0,004926753
422,485025;414,497;;0,018907238
416,0605622;419,058;;0,00720433
411,787426;415,906;;0,010001699
498,3894309;472,487;;0,051972272
416,2169438;506,817;;0,217675079
395,7569779;394,757;;0,002526747
417,3336728;419,585;;0,00539455
416,1637294;413,643;;0,006057062
477,9091385;481,927;;0,008407166
494,6208497;477,101;;0,035420767
422,0184209;415,339;;0,015827321
489,4969833;415,823;;0,150509576
414,7510689;414,536;;0,000518549
404,4360455;399,129;;0,013122088
425,037005;628,105;;0,477765448
497,7964702;475,143;;0,045507495
417,2009275;419,558;;0,00564973
426,2956701;418,422;;0,018469974
405,7268499;398,469;;0,017888513
418,1361012;411,96;;0,014770552
413,5822353;418,155;;0,011056482
419,1015275;419,492;;0,000931689
481,9274991;479,235;;0,005586938
509,8243646;474,284;;0,069710997
417,3460315;419,41;;0,004945461
487,7763842;419,382;;0,140216678
419,181684;415,42;;0,008973875
413,1393942;413,508;;0,000892207
489,7806193;414,615;;0,153467933
420,0509443;418,741;;0,003118537
392,7854234;398,121;;0,013583947
420,285842;416,669;;0,008605672
422,4929875;417,531;;0,011744544
393,5673626;396,504;;0,007461588
421,9205733;599,064;;0,419850175
488,5100851;576,672;;0,180471023
423,7650694;414,248;;0,022458362
547,6974992;487,311;;0,110255204
431,3271081;417,289;;0,032546315
415,5833382;417,086;;0,003615789
459,552111;409,019;;0,109961656
416,5061001;425,222;;0,020926224
415,9711656;420,535;;0,010971516
535,6890572;481,555;;0,101054999
413,5587978;412,645;;0,002209596
460,1233734;407,412;;0,114559217
394,3028148;393,846;;0,001158538
486,141619;415,235;;0,145855891
412,93818;415,62;;0,006494483
416,1898633;416,55;;0,000865318
413,3130412;413,477;;0,000396694
477,9088944;483,667;;0,012048542
394,8113235;395,438;;0,001587281
432,1741732;418,639;;0,031318792
424,8689193;413,93;;0,025746574
413,6083241;418,09;;0,010835555
413,8740609;420,317;;0,015567391
416,9264568;414,853;;0,004973196
417,7078815;416,775;;0,002233335
419,0766784;419,173;;0,000229842
393,0815039;398,64;;0,014140823
478,9450272;478,152;;0,001655779
427,1001437;420;;0,016624072
428,3297253;419,161;;0,021405765
487,3381;416,575;;0,145203299
417,2484824;414,617;;0,006306751
393,1757019;393,134;;0,000106064
395,5429485;395,456;;0,000219821
457,0594904;405,107;;0,113666802
490,1136003;420,758;;0,141509234
392,2566166;400,182;;0,020204588
418,4513598;419,73;;0,003055648
422,6690312;418,673;;0,00945428
484,2771718;421,078;;0,130502067
392,7854234;392,559;;0,000576456
414,195843;431,993;;0,042967976
547,6955461;480,547;;0,122601958
417,9631043;416,689;;0,003048366
413,7645741;418,873;;0,012346214
423,3250143;415,552;;0,018361812
427,9766043;419,895;;0,018883285
422,0086729;416,302;;0,013522644
505,0771373;495,192;;0,01957154
401,9698062;397,715;;0,01058489
393,2540849;393,934;;0,001728946
416,8996377;418,32;;0,003406965
421,092384;414,362;;0,015983153
414,0479982;415,647;;0,003861875
413,4167198;417,229;;0,009221398
416,1820508;432,651;;0,039571503
415,558156;415,699;;0,000338927
419,824748;415,479;;0,010351338
418,1856365;440,678;;0,053785596
413,8662484;413,96;;0,000226526
486,5462451;420,266;;0,136225992
755,5325759;418,026;;0,446713466
416,9186443;418,44;;0,003649047
427,1235812;418,956;;0,01912229
546,3186701;471,297;;0,137322179
534,7114859;473,874;;0,113776284
487,3361468;544,581;;0,117464821
416,0799899;624,216;;0,500230761
420,6725047;418,152;;0,005991608
412,4827096;413,55;;0,002587479
422,154099;419,142;;0,00713507
417,2406699;418,73;;0,003569475
423,0243244;479,651;;0,133861512
427,8125418;414,953;;0,030058824
415,2266832;418,624;;0,008181836
405,7190374;391,645;;0,034689122
414,039593;413,07;;0,002341788
485,1151483;420,362;;0,133479955
490,1116472;419,855;;0,14334825
411,803051;419,138;;0,017811789
417,9583742;419,199;;0,0029683
396,4647201;395,214;;0,003154682
418,4816476;415,394;;0,007378215
415,1335201;417,333;;0,005298247
416,6563389;419,168;;0,006028136
413,4167198;419,742;;0,015300011
421,0318055;416,786;;0,010084287
417,4047324;415,901;;0,003602576
396,5420421;396,124;;0,001054219
413,1315817;419,171;;0,014618631
490,3060098;417,533;;0,148423654
479,7472732;483,579;;0,007986969
511,2188572;488,04;;0,04534038
422,8758869;412,474;;0,024597967
401,9698062;393,098;;0,022070827
412,6389596;414,195;;0,003770949
418,7570638;480,441;;0,147302437
414,7740397;412,89;;0,004542328
418,0071149;419,472;;0,00350445
395,5549383;392,257;;0,008337497
414,8221559;416,497;;0,004037499
416,6668927;418,307;;0,003936255
415,1916312;414,615;;0,001388831
418,177824;415,078;;0,007412693
415,9199372;418,233;;0,005561317
429,0264982;413,998;;0,035029301
415,8853236;414,157;;0,00415577
487,7410382;420,616;;0,13762434
415,151758;415,277;;0,000301678
491,479238;446,23;;0,092067446
420,6093866;411,974;;0,020530656
422,3642629;415,036;;0,017350575
485,1188249;478,403;;0,01384367
489,449538;420,094;;0,1417011
415,4588516;415,349;;0,00026441
414,1053683;549,204;;0,326242165
465,2246455;444,352;;0,044865735
431,857403;414,396;;0,040433261
409,1884034;414,118;;0,012047254
417,4899228;416,584;;0,002169927
414,3038912;416,964;;0,006420671
400,5059299;397,61;;0,007230679
457,0546076;408,541;;0,106144007
487,784093;416,067;;0,147026305
489,9621228;420,523;;0,141723451
416,6485264;415,55;;0,002636578
492,1836229;479,885;;0,024987875
413,3286662;420,469;;0,017275196
421,5591517;418,808;;0,006526135
415,9608242;414,243;;0,004129774
399,6388108;394,407;;0,013091348
486,0115464;587,961;;0,209767555
417,2050925;419,045;;0,004410079
414,5685843;417,106;;0,006120617
430,8408629;417,931;;0,029964342
520,3565635;470,115;;0,096552186
415,6644666;455,026;;0,094695449
392,85179;397,351;;0,011452691
412,1705392;418,094;;0,014371383
418,3813405;415,824;;0,006112463
419,4421069;416,551;;0,006892744
425,5773143;415,143;;0,024518023
416,6668927;419,731;;0,007353854
425,2004537;418,211;;0,01643802
392,2644291;396,281;;0,010239447
415,6172509;583,744;;0,404523029
417,3571775;416,237;;0,002683978
497,7593608;489,133;;0,017330384
489,526576;422,564;;0,136790481
423,2317597;417,968;;0,012437062
427,1079562;431,174;;0,009519944
486,9007105;419,886;;0,137635269
414,8989688;413,103;;0,004328689
459,552111;410,49;;0,106760713
393,1757019;391,216;;0,004984291
420,3718464;458,505;;0,09071291
420,1763372;414,496;;0,013518937
416,4830914;415,83;;0,00156811
488,4852647;419,925;;0,14035278
392,308313;534,505;;0,36246157
413,6744574;417,848;;0,010088954
416,797895;419,053;;0,005410548
416,6332165;413,179;;0,008290785
418,1901715;419,127;;0,002240197
457,0536311;402,289;;0,119821017
399,1178132;394,321;;0,01201854
489,9601697;420,722;;0,141313874
416,2054883;417,744;;0,00369652
492,1836229;474,999;;0,034915064
421,008368;420,521;;0,001157621
415,6387357;413,917;;0,004142385
417,4744451;418,353;;0,002104452
489,4091964;417,053;;0,147843966
412,4983346;415,232;;0,006627094
396,8538015;397,75;;0,002258259
395,0320362;395,363;;0,000837815
413,9753937;417,467;;0,008434333
418,373528;415,819;;0,006105855
420,36954;419,574;;0,001892478
419,3980719;539,754;;0,286973013
415,0877734;413,842;;0,003001229
425,506594;412,45;;0,030684822
398,3127306;393,732;;0,011500337
412,8719295;418,27;;0,013074443
504,6516139;442,154;;0,123843087
415,6094384;415,29;;0,000768602
418,6003867;415,553;;0,007279942
476,4506425;482,798;;0,013322172
416,4806888;417,949;;0,003525521
416,6252831;415,779;;0,002031281
418,4364671;414,985;;0,008248486
430,3141101;458,55;;0,065616928
414,3967093;420,431;;0,014561628
414,8989688;415,904;;0,002422352
401,9698062;396,641;;0,013256733
417,3040793;413,476;;0,009173357
419,5617798;416,401;;0,007533527
488,4833116;419,997;;0,140201948
425,9673025;419,217;;0,015846997
415,4907533;453,868;;0,092366067
491,0550063;420,993;;0,142676493
414,0897433;419,013;;0,011889347
487,7783374;420,18;;0,138584132
415,9711656;416,431;;0,001105448
422,6492375;417,804;;0,011463968
418,1494066;414,333;;0,009126897
418,0227399;432,234;;0,033996381
489,0282334;417,048;;0,147190343
413,3261069;419,29;;0,014429026
397,2480938;400,656;;0,008578786
478,9442948;486,322;;0,015404099
409,4989688;522,261;;0,275365849
523,5066327;472,955;;0,0965635
415,9087611;414,603;;0,003139537
417,4666326;418,808;;0,003213113
417,6067111;415,38;;0,005332077
411,9807206;416,023;;0,009811817
483,3382935;472,837;;0,021726591
401,2597146;395,566;;0,0141896
415,1594818;413,682;;0,003558829
414,978469;414,372;;0,001461447
417,3613425;413,011;;0,010423444
416,6864044;418,423;;0,004167632
417,2796933;416,622;;0,001576145
488,7576396;416,163;;0,14852891
415,0799609;415,869;;0,001900933
423,9716984;417,326;;0,015674863
414,0383622;417,656;;0,008737446
417,7611231;488,166;;0,16852903
415,8148852;418,568;;0,006621011
422,27613;430,963;;0,020571539
480,4037674;478,943;;0,003040708
413,6908393;420,263;;0,015886648
418,6083421;417,253;;0,003237733
423,2083222;418,143;;0,011968862
417,4488303;419,082;;0,003912263
508,8276655;472,279;;0,071829163
392,8191863;394,209;;0,003538049
417,2962668;415,063;;0,005351754
415,471466;417,907;;0,005862097
416,0728236;418,668;;0,006237313
535,6910103;473,741;;0,115645044
416,4842028;414,07;;0,005796625
418,4442796;418,643;;0,000474903
413,6744574;415,593;;0,004637808
402,1762653;395,244;;0,017236883
413,6396156;416,783;;0,007599331
417,3211996;591,633;;0,417692177
496,9858108;473,615;;0,047025107
420,3617275;503,17;;0,196992892
414,6732064;417,847;;0,007653722
395,5549383;398,639;;0,007796797
533,3235293;471,538;;0,115849997
416,9448838;433,844;;0,040530816
417,6298036;413,351;;0,010245446
416,4826626;415,942;;0,001298164
505,0084177;417,368;;0,173542489
416,6590802;417,804;;0,002747858
419,5269021;414,59;;0,011767784
414,2330428;412,935;;0,003133605
414,7432564;415,627;;0,002130821
416,2211239;418,374;;0,005172433
425,2238912;415,736;;0,022312695
701,1789071;418,408;;0,403279255
418,1282887;418,078;;0,000120271
415,3800359;414,196;;0,002850488
414,9313333;417,893;;0,007137727
416,1793544;419,988;;0,009151453
486,7987417;419,622;;0,13799695
414,5653715;416,694;;0,005134603
549,4353755;469,733;;0,145062329
419,3746344;412,715;;0,015879917
430,1578601;418,138;;0,027942905
414,8826415;417,256;;0,005720554
489,7786662;418,601;;0,145326187
415,8070727;415,475;;0,000798622
480,4032791;487,128;;0,013998075
415,0797708;418,466;;0,00815802
421,9205733;417,985;;0,009327759
415,6573256;420,087;;0,010657034
481,9294523;477,866;;0,008431633
478,3311307;443,085;;0,07368563
418,8831387;414,658;;0,010086676
414,0952747;414,915;;0,001979557
432,3793549;458,448;;0,060291142
535,6890572;471,321;;0,120159365
415,494928;416,919;;0,003427411
505,0419811;629,177;;0,245791486
394,3028148;400,197;;0,014948372
557,4429932;419,774;;0,246965151
417,2640683;416,75;;0,001231997
421,911705;413,259;;0,020508331
483,3382935;468,78;;0,030120298
418,3969655;525,664;;0,256376225
488,3048966;416,6;;0,146844517
416,6174706;429,207;;0,030218438
421,5714913;460,658;;0,092716205
412,6061245;416,621;;0,009730528
491,0511001;419,173;;0,146376009
417,9408106;413,687;;0,010178022
412,9128943;419,122;;0,015037326
418,4937102;417,463;;0,002462905
420,5240672;414,973;;0,013200356
414,9940309;417,685;;0,006484356
414,6653939;419,187;;0,010904228
488,3006084;414,444;;0,151252338
490,6350845;421,551;;0,140805431
397,2168438;394,508;;0,006819559
413,6161366;570,099;;0,37832872
418,6687238;419,398;;0,001741893
415,3644109;417,578;;0,00532927
420,1919622;414,909;;0,012572735
392,1848574;399,061;;0,017532912
417,0638141;413,986;;0,00737972
428,9807988;415,489;;0,031450822
415,8784295;419,953;;0,009797504
417,7235065;419,043;;0,003158773
426,2956701;416,042;;0,024052954
414,2554571;414,352;;0,000233052
417,4837668;413,804;;0,008814155
418,0986234;411,85;;0,014945334
415,1916312;416,295;;0,002657493
427,8125418;417,522;;0,024053857
484,2781483;420,085;;0,132554295
415,3026016;410,922;;0,010547975
417,8771361;501,957;;0,201207141
420,5336025;417,454;;0,007323083
417,2009275;417,381;;0,000431621
489,0546006;415,575;;0,150248255
424,4105569;417,032;;0,017385423
489,7786662;420,315;;0,141826647
470,3176869;413,46;;0,120892087
521,7497413;478,567;;0,082765238
511,2188572;486,277;;0,048789001
420,2233996;414,732;;0,01306781
398,3439806;392,726;;0,01410334
414,2252303;418,015;;0,009149056
488,1907759;419,736;;0,140221363
416,0878024;419,329;;0,007789696
489,9423994;417,642;;0,147569183
543,9601146;472,585;;0,131213875
393,2069519;392,404;;0,002042059
524,128101;588,058;;0,121973805
483,3421998;618,529;;0,279691697
415,9608242;418,002;;0,004907135
401,2909646;396,296;;0,012447239
416,3025525;419,844;;0,008506908
417,2268451;418,969;;0,004175558
417,7496973;417,533;;0,000518725
465,2187861;443,66;;0,046341177
508,8315718;473,027;;0,070366254
420,385165;414,189;;0,014739257
415,963351;414,904;;0,002546741
422,154099;415,563;;0,015613017
415,2838663;418,557;;0,007881678
425,0448175;418,537;;0,015310897
508,866728;472,149;;0,072155883
412,1783517;413,921;;0,004227899
414,0819308;420,194;;0,014760531
396,5107921;396,687;;0,000444396
392,9935929;418,516;;0,06494357
423,1531393;419,774;;0,007985618
423,9213194;416,258;;0,018077221
488,2996319;416,192;;0,147670871
415,9711635;416,659;;0,001653568
417,7845606;415,413;;0,005676516
413,8584359;415,468;;0,003889166
495,9873604;477,477;;0,037320226
397,2168438;391,546;;0,014276443
414,3810843;418,301;;0,009459688
422,4772125;479,52;;0,135019797
415,5587992;417,502;;0,004676115
416,1748511;429,488;;0,031989316
416,2169438;415,588;;0,001511096
395,7569779;411,865;;0,040701802
417,3197043;417,252;;0,000162236
392,1770449;401,699;;0,024279736
417,3258603;419,176;;0,004433322
418,5925742;431,224;;0,030175943
414,0317805;412,405;;0,00392912
415,7474007;414,393;;0,003257749
419,041059;413,46;;0,013318645
414,4247465;418,121;;0,008918998
494,5856935;478,929;;0,031656179
400,5059299;396,829;;0,009180713
399,1412513;399,044;;0,000243651
404,4360455;397,273;;0,017711195
393,2775224;395,827;;0,006482643
489,468663;418,305;;0,14538962
405,7268499;392,441;;0,032745799
418,1282887;418,061;;0,000160928
413,5744228;418,068;;0,01086522
509,8224114;476,272;;0,065808036
414,5307304;419,311;;0,011531762
415,2908795;413,555;;0,004179912
396,4647201;399,176;;0,006838641
418,5050851;417,1;;0,003357391
413,1315817;417,943;;0,011646213
413,6830268;418,596;;0,011876178
392,8088609;398,182;;0,013678762
488,5081319;421,978;;0,136190429
465,2187861;447,908;;0,03720999
485,7531959;473,639;;0,024938994
415,5833382;419,8;;0,010146369
485,7571022;477,682;;0,016623745
413,3052287;417,931;;0,011192143
416,4982876;417,532;;0,002481913
412,9459925;414,511;;0,00378986
414,8294564;417,208;;0,005733787
488,7234694;419,352;;0,141944215
415,454942;420,424;;0,011960522
414,822219;416,962;;0,005158309
421,164618;417,59;;0,00848746
423,7572569;414,066;;0,022869831
416,3422056;412,166;;0,010030704
486,5716357;416,62;;0,14376431
414,9235208;415,924;;0,002411238
417,3180478;478,423;;0,14642298
414,2102372;417,48;;0,007893969
416,3695614;416,068;;0,000724264
394,8113235;392,451;;0,005978358
416,8919391;419,622;;0,006548606
424,8532943;415,369;;0,022323692
413,8740609;418,85;;0,012022834
414,3038912;454,747;;0,097617014
393,0815039;399,131;;0,015389928
478,944783;478,102;;0,001759666
428,3219128;418,509;;0,022910135
412,629562;617,56;;0,496645071
399,1412513;394,762;;0,010971683
417,2406699;416,488;;0,001803923
393,1757019;399,022;;0,014869429
509,8204583;707,998;;0,388720261
415,3345033;418,372;;0,007313374
422,6612187;417,678;;0,011790102
392,7854234;398,42;;0,014345177
488,5061788;417,791;;0,144758003
411,7790138;416,155;;0,010627026
399,6388108;394,773;;0,012175521
392,1770449;399,112;;0,017683225
422,0008604;417,029;;0,011781636
416,4904751;418,955;;0,005917362
520,3604698;474,209;;0,088691345
393,2462724;396,42;;0,008070585
425,9096239;414,348;;0,027145721
392,9935929;408,255;;0,03883373
414,0479982;419,376;;0,012868078
;;;
;;;0,052234184
