predicted;measured
6527,729077205876;9050,68
2000,6553823529412;2419,62
2389,3068627450975;2027,99
1632,9808452111617;1870,7
1571,906573529412;1680,79
1419,7983137254898;1485,7
2001,7110291101053;2107,89
1851,420551093514;1976,71
2115,519764705882;2037,47
1983,1762499999993;1736,95
2747,101323529413;5124,85
2073,2045049019607;2444,19
1685,1312254901961;1771,3
2520,8129803921574;2430,91
1546,3209191176475;1464,09
4222,5817892156865;4110,68
1771,1924509803916;2209,16
1835,8467275641024;1964,84
1382,6806862745098;1549,15
2077,9894901960783;2237,67
1859,3569632352942;1424,98
6021,284799019608;4788,44
1635,3361985294105;1516,14
5565,704551470582;7322,55
1325,8985784313722;1283,54
6427,614700980392;6709,49
7630,801536764707;7450,56
1986,2145362368026;1488,85
1517,755647058823;1914,78
1835,8871176470573;2001,98
1394,4616911764697;1691,91
2836,1202107843137;2286,14
1211,3787715309197;1585,9
7439,308666666666;5407,42
5726,116333333333;8434,02
2593,9424117647054;2135,33
7551,430139705879;7650,93
1507,2000000000005;1425,65
1702,349999999999;1759,94
1628,3540514705876;1639,12
1408,2195588235297;1647,34
1397,6354926470572;2046,6
1169,3485588235296;1847,56
2226,2240730769227;1964,39
1321,9509093137258;1270,6
2379,852823529412;1926,25
1848,8791319004517;1536,67
1842,6692156862746;1306,19
7382,778549019607;5563,66
6069,604034313721;6170,56
1861,6417275641024;1922,59
2370,239029110105;2474,4
1901,2277647058822;1934,67
2173,1280196078433;2184,33
2069,3895;2147,86
1460,5259191176474;1458,75
2198,0495294117636;2141,99
2640,8759999999993;2194,84
1261,1420588235285;1876,54
1385,3487904411759;2043,17
2298,191823529411;1998,2
1799,2459999999999;3556,58
1777,709411764706;3051,17
5611,101610294118;7232,21
1837,268676168929;1832,01
1013,0265808823522;1980,29
1408,2195588235297;1404,52
1772,026220588235;1419,55
1607,3106960784316;1362,7
1013,0265808823522;2015,16
1273,472524509804;1253,2
2285,676294117647;1880,09
2600,6942352941187;2303,73
5897,835833333329;5590,35
1312,3832132352945;2126,93
6569,474573529413;6620,25
853,1698602941176;1557,78
2009,3534901960784;2108,68
1749,1150588235291;1739,86
1701,6956911764705;1330,62
2046,3525436651585;1817,61
2011,4246274509803;1698,61
1813,6113235294113;1984,02
4679,23293137255;4482,53
5064,551465686275;7806,06
2157,3296687405723;2150,69
1256,4531544117642;2444,03
4229,466817401962;8353,11
784,0194411764707;1640,84
1346,6831446078434;1293,26
7630,801536764707;7783,21
1778,614215686275;2224,98
2206,6207058823525;1964,79
1234,8701960784313;1207,97
1200,3077843137255;1591,78
2243,2483725490197;2332,39
1638,1407715309194;1568,49
7382,778549019607;5677,4
2069,5605436651585;1985,75
1782,9529040346913;2103,6
1678,1024999999995;1197,01
2370,9901593137256;2379,91
1846,6417275641024;1835,82
7067,016884803921;7294,03
6533,231077205877;8901,56
2265,796676168929;2288,4
1858,0365588235286;2196,95
1386,6007647058825;1339,88
2107,714656862745;2060,15
1193,493198529412;1360,15
1673,4743529411753;1819,95
2009,0470291101053;1971,17
1167,0380514705878;1467,79
1670,8626613122162;1663,17
1510,6065735294121;1452,94
1474,3011911764702;1174,04
1031,3768817496227;1828,38
5812,040833333329;6002,57
1237,9845588235296;1690,95
1840,1587863876318;1973,75
1665,2167715309197;1749,96
2109,4428235294113;1868,93
2681,26455882353;2106,79
2358,216676168929;2466,14
2297,052609917043;1710,22
1785,076279411764;1884,55
2444,918911764708;4008,08
2491,103159313726;2064,49
1643,4134185897442;1776,89
1859,3569632352942;1618,99
6034,364431372549;4512,25
1327,3342549019605;1275,04
2313,666323227753;2356,6
1277,7721764705882;1687,44
6393,2967009803915;6730,96
1983,3323774509809;2180,91
4208,6666237745085;4031,11
2171,9252499999993;1885,8
1951,083131900452;1676,09
1389,1017573529398;2189,53
1421,4785147058824;1205,13
1594,3690625000002;1734,65
2586,520588235294;2351,51
783,1495294117648;1250,56
1399,299235294118;1321,74
1882,9525612745092;1483,48
1967,9463232277528;1935,14
7101,334884803921;6993,65
3023,3968970588244;3873,82
1666,7912254901962;1426,93
1453,8228308823527;1373,69
1301,2604411764705;1634,05
7751,8692009803935;7929,91
1526,0866911764697;1930,31
3167,75930882353;2224,87
1579,1685;1269,71
2468,9822867647067;2363,73
1661,4157715309195;1698,48
1256,4531544117642;2128,23
1512,5192647058825;1833,87
2008,6168235294112;1678,31
2017,480343137255;1969,51
1663,4304999999995;1266,92
5812,040833333329;5564,18
2033,0495294117634;1918,21
2016,6894901960784;2084,83
1137,555191176471;1922,76
2037,3131470588232;2027,9
1560,5698529411766;1433,89
2026,331382352941;2202,98
1683,2139117647062;1615,56
2931,446897058824;3540,49
4214,141817401962;8628,46
7786,187200980394;7678,56
1487,1976960784316;1601,43
1752,222609917043;1771,81
1897,5373774509808;2028,91
1530,5936470588229;1721,31
1703,5122058823529;2116,55
1421,4785147058824;1503,52
2660,527463235294;3179,77
898,5939411764696;1858,81
1847,5223627450978;1453,33
1411,7523970588231;1324,05
1782,8995882352933;1807,22
1794,5212500000005;1792,61
5723,244517156863;8492,0
2610,4484117647053;1780,32
1412,4623137254898;1675,36
1139,0077843137256;1389,6
2365,7949240196076;1983,43
2241,7640196078432;2190,82
1814,818;3606,85
829,1245294117648;1455,17
6393,2967009803915;6524,43
6010,152666666665;6122,86
2075,8116372549016;2152,82
2093,4895362368025;1715,16
1441,861529411764;1371,65
2677,924764705883;2526,78
1711,6321764705876;1748,54
1446,648308823529;1181,93
2035,0944117647057;3582,98
2901,535110294119;3093,58
2024,2759999999994;1799,08
1871,3985436651585;1619,37
1969,1780730769228;1700,75
1825,619734992458;1795,96
1471,0866911764697;1840,73
1842,6692156862746;1457,42
1312,3832132352945;2291,11
1596,9126613122162;1576,31
475,14981862745105;1470,14
2053,147742420814;2635,1
1602,8942647058825;1988,71
1735,715264705882;2145,18
2012,496676168929;1968,81
1826,920058823528;1662,22
1861,0496024886872;1623,73
1322,4245588235297;1325,02
1687,2323602941178;1510,02
7382,778549019607;5393,82
1877,5426176470578;2254,33
1264,976642156863;1384,74
1933,0496024886872;1739,49
1569,0250882352939;1368,95
2165,6157058823524;1995,15
4679,23293137255;4423,12
1725,8852500000005;1812,97
1910,1227424208146;2547,57
1678,9810882352945;1787,61
1382,8070845588222;1605,31
5824,738811274508;4929,62
2390,9132598039214;2075,38
5709,418134803919;9082,24
1155,5204411764705;1522,56
1453,7860882352943;1389,25
1977,211176470587;1743,28
1828,632676168929;1919,94
1962,0871319004518;1452,28
6620,9515735294135;6891,73
4693,286313725491;4588,8
1522,7501029411767;1782,27
1444,6528308823529;1576,6
1387,0554411764704;1470,2
2856,377647058823;2780,41
1568,5000000000005;1771,3
1614,5779117647062;1885,95
2276,8988235294123;1857,51
7597,405139705878;7436,63
2190,261382051282;2285,66
2183,061588235293;2304,18
1542,2761758672702;2379,14
2331,057286764707;2003,06
1773,7333820512818;1822,3
1909,8592549019602;1870,39
7552,086301470586;7670,37
1502,1409264705885;1419,78
3019,319588235294;2204,16
5709,418134803919;8428,15
1994,4429040346913;1604,8
1838,381225490196;1621,17
6056,727563725491;5798,34
2034,0865588235288;2400,29
2095,2379040346914;1723,49
1897,8942647058825;2221,63
1761,5327058823525;1818,78
1065,3772205882356;1500,64
1785,0167275641024;1755,19
2111,4255392156865;2080,69
6563,706224264708;6613,53
2078,780343137255;2093,76
2931,446897058824;3421,89
2186,875029110105;2195,49
1175,5481758672702;2020,13
4214,141817401962;8396,75
2285,676294117647;1856,32
2836,1202107843137;2336,8
1303,2575980392157;1433,5
1906,7073774509809;1978,25
1837,5568235294113;1709,92
1882,9525612745092;1620,52
2134,2759999999994;1856,81
2346,416401960784;2413,17
1333,8451446078434;1497,65
6103,000431372549;4602,14
1776,3860730769231;1558,47
2677,924764705883;2036,08
2077,9894901960783;2031,93
1524,4325147058826;1252,76
2708,1213333333335;2172,73
5719,576517156863;8725,56
2070,3470291101053;2195,91
1892,1225612745093;1468,96
789,5214411764707;1248,9
7557,588301470587;7471,16
2382,670058823528;1822,17
7755,537200980394;8008,08
1720,0692156862747;1218,03
2137,1383232277526;2173,72
6391,885509803921;6514,34
1409,2757573529398;2068,61
1425,5543259803922;1393,39
1701,989215686275;1973,42
1853,3985436651585;1564,77
2608,5285882352937;1989,31
4162,306329656865;3846,15
1720,0692156862747;1251,13
1856,1266911764706;1511,53
2379,852823529412;2070,61
1271,0606029411765;1537,85
2607,273786387632;2108,6
2007,1756372549016;2273,8
2641,184411764707;2978,89
2938,601720588238;3797,0
2022,4167647058816;1683,18
1203,7061372549017;1691,87
1477,3708198529412;1367,74
2644,1501102941193;3638,29
6540,045400735293;6723,17
7079,122767156864;7433,29
1447,9007647058825;1439,91
5095,201465686275;7646,41
1509,4413235294112;1915,5
1494,8049264705885;1448,85
1595,2823602941178;1268,06
1081,2674509803924;1228,56
1731,9847058823527;1909,07
2890,4024632352944;3217,1
2072,080551093514;2244,76
2011,4246274509803;2002,57
1328,4525362368026;1832,3
2491,103159313726;2357,55
1261,9551544117644;2054,3
1391,963235294118;1489,25
1347,537823529412;1803,29
1622,401279411764;1655,42
2056,506727564102;1749,94
2241,7640196078432;2427,9
7451,414549019608;5805,94
7370,6726666666655;5867,27
1459,486308823529;1316,12
6579,206077205876;8689,37
7101,334884803921;7413,23
4422,455031862745;6893,93
4422,455031862745;8965,84
1145,5939411764696;2217,46
1447,7410551470582;1356,43
1773,7829040346912;2146,3
1663,4304999999995;1387,81
1280,655897058824;1982,86
1842,8496274509805;1560,73
1546,3209191176475;1800,03
1774,588617647058;2101,15
2075,846727564103;2196,51
2468,9822867647067;2178,78
2165,9601764705867;1887,88
5565,704551470582;7579,4
1377,4614926470572;2124,39
1617,6810882352945;1534,78
2591,5540196078437;2228,43
1532,3765362368026;1327,78
1654,9569166666665;1204,98
2660,527463235294;2858,04
1701,998862745098;1230,23
1273,472524509804;1206,21
2052,8895;2075,83
1263,7246029411765;1528,24
2845,3933333333334;2068,48
1226,4826470588232;2300,84
2103,792705882353;1767,17
1796,725264705883;2056,72
2722,7933333333335;2124,8
1427,3849852941175;1139,37
1932,0603529411756;1676,26
7565,207088235295;7393,15
1331,5945588235297;1250,28
1628,7722205882342;1668,35
1442,0639093137256;1350,72
6410,044333333335;6345,53
1886,919734992458;2003,86
922,3202794117645;1333,42
1408,2195588235297;1330,48
1897,5373774509808;1921,51
1746,151279411764;1708,65
1796,725264705883;2020,16
1588,6065436651588;1876,66
1853,0123137254905;1916,46
990,4826470588231;2066,8
1244,4525362368026;1668,17
2600,6942352941187;2625,29
1800,7024999999994;1258,03
471,4818186274511;1494,09
1318,5625784313722;1579,74
1306,05568627451;1273,05
1974,8288235294112;1808,6
2173,1280196078433;2137,29
1713,7072647058822;2594,8
1452,586470588235;1469,56
6089,920799019608;4389,23
1999,3008452111612;1581,5
6028,620799019608;4385,92
3023,3968970588244;3727,32
2883,8876470588234;2485,11
2565,7922549019604;2834,21
853,1698602941176;1446,03
2377,9896687405726;1910,62
5737,297899509805;8866,67
923,9991323529412;1190,77
1508,9563725490195;1247,64
1654,0474019607846;1426,41
5514,2275514705825;7496,08
1863,7729852941177;1361,17
2407,716401960784;2494,97
1270,3120588235286;1810,63
1668,9126613122162;1617,12
2048,3077794117644;1784,71
2041,4663235294115;3564,57
2468,9822867647067;2285,61
2334,3525436651585;1931,76
2530,648786387632;1909,27
1909,4202058823528;2057,03
1949,228073076923;1562,07
1392,4860882352943;1314,26
1563,4409264705885;1659,04
1697,3373529411751;1730,57
1316,1420588235285;2019,24
1842,8496274509805;1754,11
2463,2887058823526;2148,56
2832,3557647058824;2416,74
2095,851882352941;1779,71
1151,3768817496227;2022,55
1964,0036024886872;1685,19
1827,222609917043;1961,0
2007,1756372549016;2020,21
1623,6071764705878;1645,26
6000,968034313721;6214,25
7367,850284313722;5351,4
1920,7909411764704;1987,87
1974,1407715309194;1673,56
1855,8751319004516;1605,58
1584,2783602941176;1327,95
1873,9795049019606;1862,1
2159,9167647058816;1918,0
7370,6726666666655;5388,77
1058,0412205882355;1754,49
1270,118198529412;1652,64
1946,0036024886872;1609,98
1571,5798897058821;1316,69
1427,189529411764;1514,2
1457,3005147058825;1817,32
1682,1225;1607,6
1986,7909411764704;2119,87
2215,8751319004514;1933,09
1520,7320845588224;1542,32
2568,1415294117633;2141,67
1841,2232549019602;1807,24
1560,177653883861;1312,61
4679,23293137255;4587,06
4208,6666237745085;3899,31
1157,8924509803924;1308,63
2303,1745882352934;2166,86
4671,89693137255;4601,99
1233,171019607843;1184,79
1366,3010845588224;1796,08
1421,4974901960782;1376,12
2286,9601764705867;1997,57
2129,0650588235294;2049,35
1825,7777647058824;1846,42
2584,1322549019606;2245,99
2017,480343137255;1964,63
1945,1606761689288;1953,07
6553,896500000001;6377,02
1798,2737647058823;1844,16
1286,237823529412;1516,55
2016,0973627450978;1620,18
1864,1477424208142;2469,68
2009,4429040346913;1645,6
2444,918911764708;4126,6
1460,5259191176474;1403,66
2180,464019607843;2250,99
2000,818786387632;1642,72
1782,7850514705876;1460,79
1551,2514185897442;1527,76
7579,324536764707;7421,26
1666,7912254901962;1679,5
1772,0805510935136;2108,51
1640,4157715309195;1627,78
2622,7022352941185;2499,85
1148,1844411764705;1443,65
6538,658926470585;6599,62
1416,384325980392;1555,55
2196,094588235294;1822,91
2110,436973039216;2186,62
1578,0752941176465;1976,13
1742,9887058823529;1736,45
1968,7475612745093;1520,53
2641,184411764707;3030,81
4391,805031862746;8601,19
2036,0036024886872;1800,2
4391,805031862746;8514,17
1891,9710539215682;2027,89
1777,709411764706;3591,58
1131,9888676470582;1863,07
1930,2658452111614;2035,4
5821,210833333329;5597,57
7574,2865;7789,85
2102,2555392156864;2237,12
5565,126610294118;7417,49
1387,0554411764704;1372,74
2148,7055510935133;2390,99
2430,302323227753;2566,18
3035,3452107843136;2434,34
1560,5698529411766;1637,21
2920,442897058824;3541,68
1306,05568627451;1246,13
1721,4319632352942;1291,21
858,6718602941176;1501,14
2514,191764705882;1949,06
923,9991323529412;1206,12
1019,7061691176473;1984,61
2444,918911764708;4819,61
7360,514284313722;5664,09
1883,8369411764706;2076,52
3040,1693578431377;2662,95
1447,7410551470582;1387,81
2133,688676168929;2180,54
2110,436973039216;2055,01
1981,5067275641022;1599,57
2059,2116024886873;1676,1
7079,122767156864;6983,62
2365,7949240196076;2376,09
1863,7729852941177;1621,76
6017,488666666665;5775,75
2258,897382051282;2296,68
6399,349642156863;6726,67
1664,751220588235;1358,76
1897,5373774509808;2225,56
1527,2505510935136;1853,65
1614,5779117647062;1592,08
7786,187200980394;7840,37
7067,016884803921;6969,44
1502,1409264705885;1446,71
918,4971323529412;1194,33
4685,950313725491;4746,97
1390,5969313725486;1335,26
1157,8924509803924;1364,1
1278,901823529412;1740,95
1543,0955147058826;1663,32
2098,211176470587;1874,09
2026,1110588235292;2095,13
1787,968676168929;1761,53
2901,535110294119;3582,5
5737,297899509805;8720,44
1566,2104926470572;2295,72
1052,94817586727;1827,33
1442,0639093137256;1548,26
2377,6262941176474;2165,07
1631,339653883861;1529,69
1978,629352941176;1801,42
2920,442897058824;3861,38
2054,6984117647053;1632,36
7597,405139705878;7759,83
1678,6065436651588;2097,6
1503,7023970588232;1709,69
5910,5338112745085;4668,58
7630,801536764707;7950,83
2316,1437009803926;1808,32
1263,7246029411765;1711,01
1725,8852500000005;1996,89
1678,9810882352945;1882,0
1395,5022794117644;1769,97
1589,858470588235;1849,89
1807,8821764705876;1903,14
1464,5328198529412;1936,2
1571,906573529412;1508,44
1658,415653883861;1690,73
1768,632676168929;1779,1
6620,9515735294135;6725,72
1070,6475980392158;1214,01
904,6468602941176;1500,86
1692,819215686275;2055,53
1260,9062132352944;2072,77
8622,492676470587;8464,9
1199,5481758672702;2152,51
2302,2000000000003;4147,93
1973,8686470588227;2085,11
7749,484259803923;7924,24
1467,258470588235;1353,31
2331,057286764707;2023,62
1322,4245588235297;1270,65
2737,3822549019606;2446,78
777,6475294117647;1260,35
2423,3895;2356,8
2316,1437009803926;1828,37
1502,179325980392;1436,33
2573,214019607844;2357,76
1264,976642156863;1195,5
6533,156926470584;6614,79
1678,9810882352945;1669,04
1296,88568627451;1431,79
2012,0365588235286;2237,23
2109,2887058823526;1843,64
1325,3120588235286;1846,49
6427,614700980392;6592,06
2111,4255392156865;2184,34
1760,8626613122162;1789,12
2370,302323227753;2370,14
1188,351642156863;1134,02
1496,1183725490198;1437,01
480,2473480392157;1388,2
2274,672294117647;2042,9
2178,256764705882;1721,62
1591,083131900452;1382,86
1416,3809852941176;1496,55
6021,284799019608;4379,65
2848,996;4176,79
1672,3874019607842;1443,44
5713,08613480392;8490,76
1582,583889705882;1240,93
1387,0554411764704;1306,66
2022,312352941175;1772,51
4214,141817401962;8725,11
6056,727563725491;6150,19
1785,721264705883;2264,29
2081,4157715309193;1839,04
1774,588617647058;2389,51
6584,633926470584;6418,6
1949,0470291101053;1936,89
973,7972794117645;1244,23
1352,4917715309198;1787,64
1333,8451446078434;1757,93
1891,9710539215682;1924,31
1453,9581446078432;1645,36
1065,6811691176472;2140,82
2217,373411764705;1810,09
1607,3106960784316;1438,39
1461,4631911764704;1188,23
1628,3540514705876;1462,99
2187,061973039216;2272,82
1296,1701960784312;1447,08
1725,5202058823525;2131,45
1196,8475245098039;1131,31
2491,103159313726;2117,73
1366,3010845588224;1422,68
1172,94817586727;1881,17
783,1495294117648;1353,28
1872,9808452111617;2041,41
1602,2505510935136;1986,2
2040,7567647058818;1670,16
2747,101323529413;5422,85
5767,947899509804;8667,71
1539,7797904411757;1641,37
1184,323198529412;1568,22
1584,645819852941;1717,63
1386,6007647058825;1316,13
853,1698602941176;1389,46
2010,4970000000003;3791,8
1503,270573529412;1598,25
1458,0189117647062;1553,7
1853,755647058823;2214,08
2309,4429040346913;1906,54
1460,599235294118;1399,75
1821,7333820512818;1934,26
6599,871499999999;6887,22
1467,258470588235;1347,26
1919,615264705882;2157,15
1614,5779117647062;1554,6
1994,988786387632;1575,33
1870,2658452111614;1936,25
2058,677609917043;1648,62
1702,349999999999;1854,58
2331,506764705882;1974,91
1628,3540514705876;1963,0
2392,768700980392;1917,75
1391,963235294118;1664,3
2826,191823529411;2078,4
1977,7660539215683;1929,95
7360,514284313722;5559,71
1481,2972794117645;1842,23
2271,7277647058822;2185,73
1184,323198529412;1439,83
2107,714656862745;2083,39
4740,532931372551;4714,55
2010,707705882352;1757,62
1419,7983137254898;1376,21
5713,08613480392;8405,94
5095,201465686275;7454,36
1701,989215686275;2003,68
1502,1409264705885;1422,72
2840,9443578431383;2287,1
1217,415653883861;1233,83
1621,9139117647062;1531,9
2285,676294117647;1971,16
1793,860558823529;2154,26
1409,2757573529398;2050,78
2477,3558823529415;1894,97
1385,1500882352943;1342,86
1704,9259632352941;1485,66
5565,126610294118;7234,38
1503,7023970588232;1405,74
1854,0536024886874;1533,89
1766,0371319004519;1517,58
2438,239323529413;4123,31
2339,080401960784;2348,67
1685,3974509803916;2169,42
2118,385176470587;1712,81
7082,790767156865;7033,19
1796,725264705883;2191,49
1288,6488817496227;2296,72
1996,5067275641022;1635,94
1280,655897058824;1598,4
2250,324676168929;2371,51
1390,5969313725486;1470,94
2212,2427058823528;1902,48
5060,883465686275;7790,52
1594,3690625000002;1593,42
1807,9250000000002;3450,08
1081,2674509803924;1219,62
1850,137504901961;1966,14
1857,9529040346913;2140,67
1827,348362745098;2169,07
1892,1225612745093;1579,56
1346,6831446078434;1419,85
1840,718323227753;1832,69
1131,6717843137255;1758,26
2813,457705882352;1973,9
1877,5426176470578;2129,25
1858,6457424208145;2479,3
1500,0356960784316;1240,83
1237,9845588235296;1555,65
1977,7660539215683;2071,85
1200,3077843137255;1695,17
1877,228073076923;1537,0
6410,044333333335;6597,45
5553,125948529412;5560,94
1101,2802794117645;1625,9
2633,017463235294;3600,26
1522,7501029411767;1420,97
6527,729077205876;8900,54
2318,8291319004516;1879,37
2331,057286764707;2233,06
1538,4134185897442;1556,83
5611,101610294118;7559,72
1409,2757573529398;2116,61
4153,136329656865;4163,97
965,8466470588231;2128,14
2600,6942352941187;3034,77
1972,436073076923;1462,97
7620,2615000000005;7643,95
7559,705088235293;7785,92
7067,016884803921;7434,67
1193,493198529412;1531,96
1582,583889705882;1267,26
4388,137031862745;6915,96
1510,6065735294121;1582,44
1993,502588235294;1764,2
505,7998186274511;1505,75
1503,270573529412;1446,41
2471,2513235294127;4063,6
1782,7850514705876;1688,03
2123,3558823529415;1780,07
2722,7933333333335;1986,18
4388,137031862745;8835,48
1316,3787715309197;1705,17
2485,9079240196074;2332,67
1385,1500882352943;1483,34
1339,0721764705881;1779,88
2637,4428235294113;2229,42
2047,882609917043;1732,55
1499,8871176470575;1836,56
5514,2275514705825;7637,86
2550,216676168929;2664,7
1533,1407715309194;1528,59
2016,0973627450978;1708,53
1616,2313725490196;1362,8
2468,9822867647067;2733,1
2142,791764705882;1913,93
2600,6942352941187;2407,75
7780,134259803923;8121,58
2793,243058823529;2447,61
1380,7116911764697;1675,74
1452,586470588235;1977,42
1539,7797904411757;1928,31
4754,586313725491;4903,89
1960,6103232277528;1998,81
1434,9030551470582;1519,56
1594,3690625000002;1983,5
1537,8044852941175;1766,7
1777,619734992458;1757,31
2132,516823529412;2266,93
2067,2226099170434;2153,34
8576,517676470588;8722,0
1685,1312254901961;1411,18
1850,9537863876317;1838,62
1805,2194117647057;2973,29
2180,464019607843;2126,2
1500,0356960784316;1222,07
1339,0721764705881;1672,22
2671,660110294119;2854,36
1038,2761758672702;1828,47
2009,3534901960784;1979,21
1768,068;3497,77
2446,8288235294112;2000,36
2697,7705588235303;2057,01
1594,3690625000002;1543,05
1778,614215686275;2058,85
1589,2616024886875;1315,96
1192,6488817496227;2154,89
6049,39156372549;6019,71
1062,2761758672702;1901,09
1581,2692647058825;1887,8
1266,4082132352944;2056,27
1694,5674509803916;2116,26
2221,506764705882;1873,96
1385,3487904411759;1546,07
960,9299411764696;1910,4
2920,442897058824;3474,58
4212,307817401962;8334,39
1303,2575980392157;1324,86
7584,826536764707;7394,03
6396,964700980392;6348,63
2591,5540196078437;2422,18
1949,9355;1991,22
1225,835019607843;1332,24
2314,2882598039214;1909,92
1699,6722794117645;1831,99
1329,2969313725487;1299,09
1295,5481758672702;2307,65
1573,6113235294113;1887,01
2812,278210784314;2548,78
2305,552676168929;2292,23
6422,535509803921;6591,37
1703,5122058823529;2483,25
2314,5512867647067;2256,03
1584,645819852941;1470,88
4693,286313725491;4725,25
2150,9258452111612;1809,63
6008,304034313721;5846,69
2189,0246761689286;2147,57
835,4964411764706;1474,7
5723,244517156863;8847,36
927,8222794117646;1287,49
1585,9086613122163;1621,9
2098,544656862745;2059,38
4391,805031862746;6735,45
1903,6457424208145;2644,01
1481,0983137254898;1428,71
7745,816259803923;7930,87
1310,4304411764701;1234,0
1167,0380514705878;1352,31
1400,7483970588232;1412,9
3017,1095759803925;2267,83
5565,126610294118;7160,92
2029,5628235294118;2225,52
2017,619734992458;1900,64
1938,8791319004517;1568,67
1007,5245808823522;1985,21
2204,496676168929;2087,92
1919,615264705882;2311,08
1888,675264705883;2307,87
510,89734803921573;1761,73
1919,615264705882;2057,42
1877,5426176470578;2336,55
1425,5543259803922;1362,43
1679,526418589744;1699,36
1216,8204411764705;1624,74
6118,027563725491;6069,07
1245,2167715309197;1584,38
1176,6845588235296;1564,09
1763,6495882352933;1791,64
4145,9567892156865;3974,21
1193,493198529412;1336,71
6433,667642156864;6453,72
2845,3933333333334;2118,75
1934,1640588235282;1862,8
2171,8369411764706;2245,61
7390,114549019608;5355,24
3040,1693578431377;2791,11
1584,2783602941176;1449,0
1772,026220588235;1631,34
1756,5346687405724;1768,33
848,072330882353;1439,02
5821,210833333329;5524,61
1566,2104926470572;2800,93
1956,3525436651585;1609,72
1444,6528308823529;1807,25
1577,2243529411753;1634,2
1650,2363235294113;2099,17
1657,3437794117644;1328,72
2609,3430588235287;2302,58
1387,0554411764704;1558,62
1971,3776470588232;2258,01
5760,434333333334;9028,74
1945,5973820512818;1940,08
1539,7797904411757;1557,42
7786,187200980394;8002,02
979,4826470588231;1988,51
2073,2045049019607;2108,06
1419,7961029411767;1839,89
1581,5761911764705;1570,15
1977,8957058823526;2097,49
1139,0077843137256;1371,16
1774,3707058823525;1803,31
2146,941823529411;1805,35
4214,141817401962;8322,13
2122,9387058823527;2015,52
2035,6514705882346;1663,22
1775,8467275641024;1837,13
927,8222794117646;1183,06
6558,204224264707;6407,87
1032,6442794117645;1538,35
5519,729551470583;7387,86
1603,5390625000002;1508,33
2584,1322549019606;2022,33
1503,3492647058824;1850,59
2016,6894901960784;1992,03
1775,0650588235292;1843,69
1416,4751176470572;1658,47
1612,436073076923;1319,53
6056,727563725491;6004,98
1243,6630514705876;1466,81
1312,3832132352945;2188,26
1422,8871176470575;1737,7
1822,6756274509803;1634,83
2389,3068627450975;2022,2
2836,1202107843137;2492,1
848,072330882353;1553,83
2014,1495294117635;1813,98
1882,9525612745092;1776,22
1261,9551544117644;2201,27
1441,861529411764;1336,18
6563,706224264708;6444,3
1584,645819852941;1574,05
1688,0455510935135;2064,08
1982,0526099170431;1585,97
1617,6810882352945;1531,91
6388,217509803921;6296,21
1921,6417275641024;2045,66
7751,8692009803935;7998,69
1183,465867647058;1917,59
2098,544656862745;2241,17
7557,588301470587;7786,32
1453,9581446078432;1425,33
1296,88568627451;1619,15
2187,512647058823;2412,39
1334,7889093137258;1288,1
7070,684884803922;6962,58
1425,5543259803922;1498,59
1565,3120588235286;1934,55
1849,1495294117635;1750,74
2073,677609917043;1692,44
2931,446897058824;3485,13
1571,5738529411765;1246,92
2074,3008452111612;1607,29
5553,125948529412;5673,97
2048,862661312216;1854,77
2793,243058823529;2654,35
1007,5245808823522;2266,78
7076,250950980393;7301,67
2190,324676168929;2193,85
480,2473480392157;1525,79
1616,2313725490196;1563,1
2241,7640196078432;2258,22
2274,672294117647;2233,36
1396,7189117647063;1472,77
2390,9132598039214;1990,35
4740,532931372551;4694,59
1537,8044852941175;1452,22
5824,738811274508;4709,81
7579,324536764707;7979,23
2722,7933333333335;1978,26
1843,0496024886872;1554,71
1382,8070845588222;1444,81
8622,492676470587;8666,72
1227,5341960784313;1200,6
1335,2536538838608;1250,19
1530,4478308823527;1625,34
1780,7827058823525;1894,05
2093,6408452111614;1932,96
1810,4140588235282;1679,09
2890,4024632352944;3574,05
2019,9847058823527;2081,27
2561,0023232277526;2458,26
5599,100948529413;5672,5
1566,761308823529;1407,34
2681,26455882353;2036,39
2078,780343137255;2029,22
1183,465867647058;2146,41
2296,506727564102;1915,27
5726,116333333333;8726,5
6620,9515735294135;6618,58
2187,061973039216;2393,69
1668,2576024886876;1512,02
4238,931329656865;4305,73
2024,082323227753;2097,5
1628,3540514705876;1370,46
1397,6354926470572;2393,05
7611,182088235293;7945,1
1607,3106960784316;1297,02
7755,537200980394;7638,48
1401,8547904411757;1422,47
1663,4304999999995;1661,55
1773,2611985294106;1757,27
2316,373411764705;1905,13
1332,3606029411765;1900,94
2817,102357843138;2388,61
1824,1983529411762;1685,13
1303,2575980392157;1263,44
2022,3470291101053;2077,98
1347,537823529412;1608,53
1779,418323227753;1754,08
2228,762647058823;2574,97
1960,3091470588233;2059,31
1503,270573529412;1485,4
8622,492676470587;8824,33
2811,506764705882;2058,9
1709,3419852941176;1345,37
2417,263147058823;2357,19
2584,1322549019606;2233,16
1520,3027715309195;1539,3
1070,6475980392158;1224,05
1848,5592549019602;1831,98
2477,9309117647076;4124,9
904,6468602941176;1436,88
5064,551465686275;7669,18
1332,3606029411765;1654,69
1460,599235294118;1455,41
1775,0699166666666;1209,62
1411,7523970588231;1322,37
899,5493308823529;1501,25
1377,4614926470572;2048,3
1685,3974509803916;2064,43
1872,331382352941;2158,22
2111,4255392156865;2058,03
6396,964700980392;6285,94
2216,4014705882346;1871,67
1701,998862745098;1427,79
922,3202794117645;1489,39
2694,4307647058827;2178,84
1530,759999999999;1518,02
1432,4825147058825;1157,29
2178,1512794117643;1847,4
1621,9139117647062;1536,17
1950,670058823528;1715,94
2835,69555882353;2186,04
7551,430139705879;7379,62
6620,9515735294135;6435,46
1543,0001176470573;1872,05
7755,537200980394;7713,12
2173,1280196078433;2445,25
471,4818186274511;1727,53
1273,472524509804;1358,82
2013,7966761689288;2010,33
1296,88568627451;1320,68
1482,7974901960781;1584,53
1785,721264705883;2120,66
1763,526418589744;1823,91
1845,0167275641024;1785,35
1705,3972156862746;1232,1
5733,629899509804;8845,14
2681,26455882353;2243,21
1469,6959191176475;1410,05
6028,620799019608;4600,19
1682,1225;1318,94
1733,2212500000005;1669,16
1704,9259632352941;1773,13
2137,575029110105;2109,87
1805,2194117647057;3071,29
1508,9563725490195;1360,17
7076,250950980393;7219,42
2106,8558823529415;1768,79
1307,9301544117643;2275,27
969,9741323529411;1445,26
1327,3342549019605;1380,89
2407,716401960784;2587,3
476,57934803921574;1449,17
1390,5969313725486;1537,46
1569,0250882352939;1255,42
2237,228073076923;1699,35
1328,9052941176465;2056,85
1331,5945588235297;1424,96
7574,2865;7392,83
1832,0805510935136;2155,31
2377,575029110105;2268,73
1851,670058823528;1679,58
2491,103159313726;2228,34
1621,9139117647062;1704,04
1856,1266911764706;1350,54
7451,414549019608;5573,65
1651,9132205882352;1569,72
1800,7024999999994;1447,09
1349,291897058824;1948,63
1494,8049264705885;1591,5
1447,9007647058825;1531,6
2639,9167647058816;2179,62
6584,633926470584;6859,46
1157,8466470588232;2455,7
2101,266973039216;2125,27
1605,895279411764;1665,87
1900,8957058823526;1979,32
1187,677524509804;1146,05
1547,339653883861;1384,3
1464,5328198529412;1489,79
2088,5950588235282;1976,31
1427,189529411764;1701,12
6103,000431372549;4392,82
2003,6129040346914;1578,07
4671,89693137255;4478,37
2067,3017275641023;1655,49
6103,000431372549;4748,98
1155,5204411764705;1370,17
1385,1500882352943;1655,81
1339,0721764705881;1902,21
1822,6756274509803;1576,06
2216,4285882352933;2101,71
1566,761308823529;1244,91
2814,9601764705867;2066,52
1944,6603529411757;1740,78
7780,134259803923;7999,87
2641,184411764707;2839,68
1419,7983137254898;1366,94
1283,0752941176465;1815,66
927,8222794117646;1193,85
1771,5346687405724;1833,47
2080,2379040346914;1654,53
6548,394499999999;6406,64
2301,666323227753;2304,06
2722,7933333333335;2009,65
2063,263147058823;2132,38
1951,1780730769228;1606,19
1762,9105510935137;2165,64
1452,0094852941177;1452,25
2014,5116372549016;1966,22
1938,2613820512818;1953,21
6533,156926470584;6401,46
1143,057191176471;1873,81
1882,9525612745092;1527,72
1137,4908676470582;1969,7
1321,9509093137258;1413,57
1649,6058452111617;2030,4
1808,1553823529412;2140,13
7390,114549019608;5415,99
1607,2616024886875;1318,19
1709,3419852941176;1276,45
6041,700431372549;4500,24
7070,684884803922;7031,02
2030,9887058823529;1817,57
4222,5817892156865;3906,57
1864,4025436651586;1525,37
2188,0505392156865;2189,01
1940,8291319004516;1603,43
1452,0094852941177;1402,68
6017,488666666665;5987,54
2520,8129803921574;2119,77
1387,1985784313722;1471,4
1539,177653883861;1308,74
1821,2692647058825;1991,99
4685,950313725491;4613,0
1318,5625784313722;1332,54
1442,5286538838611;1473,62
7568,7845;7786,24
2565,7922549019604;2236,09
2170,2658452111614;2167,87
1654,0474019607846;2035,12
1974,566823529412;1989,51
2694,4307647058827;2031,62
1721,4319632352942;1405,37
2365,552676168929;2326,81
904,6468602941176;1611,18
1988,4428235294113;1751,09
6396,964700980392;6595,96
1656,2514185897442;1568,92
923,9991323529412;1285,69
1741,947220588234;1782,3
4238,931329656865;4115,4
1863,7729852941177;1428,39
923,9991323529412;1181,92
1399,299235294118;1345,08
4122,871623774508;4062,77
1925,5568235294113;1859,24
1679,5481758672702;2450,5
1794,5212500000005;1721,26
2812,278210784314;2957,82
1664,751220588235;1519,98
2644,1501102941193;2803,58
6558,204224264707;6914,44
7603,563301470585;7640,6
7545,9281397058785;7791,08
7745,816259803923;8141,87
1039,9802794117645;1513,4
1502,1409264705885;1581,05
1780,632676168929;1822,97
5733,629899509804;8435,77
1997,0526099170431;1576,47
1564,4615294117639;1607,38
835,4964411764706;1574,73
1646,452653883861;1391,91
7557,588301470587;7661,33
1263,7246029411765;1583,29
1261,9551544117644;2062,25
1972,882609917043;1590,12
1510,6065735294121;1429,11
2626,211176470587;2090,56
5599,100948529413;5575,83
2309,988786387632;1728,52
4754,586313725491;4502,67
1287,991897058824;1712,87
7106,900950980393;7134,36
2047,6457424208145;2858,11
2317,5628235294116;2405,76
3017,1095759803925;2686,9
1387,1985784313722;1336,84
7067,016884803921;7222,7
1793,6408452111616;1763,21
1966,6065436651588;2046,13
4391,805031862746;8825,54
1530,4478308823527;1522,89
5910,5338112745085;4875,04
1400,7483970588232;1347,93
1770,0615882352934;1885,63
3040,1693578431377;2441,73
1263,7246029411765;1954,67
2938,601720588238;3552,91
1216,8204411764705;1717,53
7429,150284313722;5656,17
2393,762647058823;2751,4
1126,6772205882355;1694,4
6028,620799019608;4334,21
1841,0650588235292;1953,72
921,8466470588231;1966,42
2005,5197647058822;1815,36
7745,816259803923;7650,56
1595,2823602941178;1244,82
1225,835019607843;1194,16
510,89734803921573;1518,36
1563,4409264705885;1495,41
3118,2000000000003;4351,82
2438,660352941176;1972,25
2018,8973820512817;2075,48
2389,3068627450975;2056,03
2072,586558823529;2567,38
1891,7777647058824;1883,83
1013,0265808823522;1982,26
6403,017642156864;6516,48
5743,736134803919;8829,79
2898,569411764707;3239,79
2180,464019607843;2158,02
1845,6763137254904;1944,38
899,5493308823529;1436,76
2584,1322549019606;2407,71
1458,0189117647062;1455,71
2373,2827794117643;1838,14
5095,201465686275;7781,45
2747,101323529413;4505,73
1777,709411764706;3223,08
1167,0380514705878;1321,56
1325,8985784313722;1303,5
1496,1183725490198;1615,24
1735,715264705882;1925,87
6579,206077205876;8888,61
7620,2615000000005;7778,34
1655,6110588235292;1701,86
1176,6845588235296;1384,23
1260,9062132352944;2450,02
2142,3017275641023;1819,65
5753,894517156863;8466,77
1364,5655362368027;1784,04
1663,5238529411763;1474,34
1841,2232549019602;1940,38
1617,6810882352945;1560,69
5713,08613480392;8843,12
1165,182647058823;2056,37
6049,39156372549;6158,7
2444,918911764708;4398,9
1467,258470588235;1385,69
1477,3708198529412;1372,4
1678,1024999999995;1169,14
1058,0412205882355;1530,36
2832,3557647058824;2188,49
6399,349642156863;6594,48
1296,88568627451;1260,57
1337,5286538838611;1311,11
1332,3606029411765;1584,26
1835,968676168929;1788,37
6563,706224264708;6732,26
2735,50930882353;1974,89
2383,5409803921575;2116,32
2455,623110294117;2255,32
1667,7949166666667;1253,04
1269,3252941176465;1802,55
1757,0805510935136;2109,18
2197,597382051282;2091,57
1909,4202058823528;2330,93
2835,69555882353;2308,47
2178,351882352941;1970,93
1524,4325147058826;1433,27
1623,810845211162;2068,63
1556,94817586727;2106,07
789,5214411764707;1384,67
2051,4285882352933;1914,36
2177,191823529411;1887,6
1481,0983137254898;1655,39
2634,6463088235296;1964,72
6089,920799019608;4547,75
2185,1383232277526;2289,94
5726,116333333333;9037,49
1466,4705147058826;1551,01
7106,900950980393;7294,94
6422,535509803921;6453,67
1187,677524509804;1204,7
1389,1017573529398;2427,82
1804,4413235294112;2241,26
1306,05568627451;1255,76
505,7998186274511;1435,91
1973,3765362368026;1774,21
1571,5798897058821;1446,38
1503,7023970588232;1589,34
2826,4970000000003;4221,35
1458,0189117647062;1664,92
1503,270573529412;1772,64
2010,3470291101053;2020,41
1460,5259191176474;1605,68
1906,7073774509809;1849,65
1765,1587863876318;1785,02
2200,610323227753;2284,67
2193,7827058823527;2284,17
1461,1794852941175;1375,38
8622,492676470587;9002,27
2038,1924117647052;1639,9
1430,8001029411766;1331,83
1387,1985784313722;1393,03
1416,384325980392;1379,41
1692,819215686275;1984,89
6591,522400735293;6422,29
1952,4966761689288;1937,44
2098,544656862745;2129,23
1647,151279411764;1674,93
1566,761308823529;1522,95
2252,791764705882;2076,77
1644,5057794117645;1792,75
2168,8759999999993;1980,31
1541,3027715309195;1580,45
1322,4245588235297;1682,44
7568,7845;7674,92
1536,2972794117645;1948,46
1983,3323774509809;1987,79
1890,1745882352932;1979,41
1446,648308823529;1241,27
1840,7043529411762;1671,94
1225,835019607843;1238,18
1956,0001176470573;2000,3
2068,4500000000003;3815,05
2301,192110294117;2248,32
1589,858470588235;1544,89
1070,0488817496225;1845,86
2949,6057205882385;3549,86
1773,2611985294106;1524,83
1958,1928235294113;1669,84
1718,2016911764706;1254,1
1234,8701960784313;1190,8
2062,9896687405726;1646,02
1848,7055510935136;2249,51
2697,7705588235303;2021,58
2660,527463235294;2699,94
2042,1917647058822;1813,26
2949,6057205882385;3490,29
1014,2041691176473;2190,44
6545,547400735293;6438,44
6527,729077205876;8505,75
1946,961176470587;1660,09
2477,9309117647076;4553,51
1644,8600514705875;1344,15
2032,9959999999999;3703,22
7584,826536764707;7473,52
1913,017609917043;2013,86
2442,324676168929;2491,64
1389,0525980392158;1322,58
1519,3349852941176;1337,8
2010,144343137255;2022,1
2633,017463235294;2856,33
2377,6262941176474;1927,48
1536,4205510935135;1849,09
7370,6726666666655;5560,78
853,574330882353;1483,96
1866,2240730769229;1617,35
1058,0412205882355;1589,75
1968,7475612745093;1682,0
5547,623948529412;5397,02
2065,6767275641023;1612,51
1453,9581446078432;1538,09
6008,304034313721;5978,27
1286,237823529412;1544,34
7378,008666666666;5661,65
2017,344588235294;1751,42
6569,474573529413;6737,22
1839,270862745098;1535,75
1131,9888676470582;2177,24
1386,6007647058825;1459,04
2188,0505392156865;2386,61
4153,136329656865;4380,08
1507,2000000000005;1427,55
1772,4917715309198;1959,73
7559,705088235293;7995,55
1582,583889705882;1401,81
1555,016055147058;1522,08
2085,016727564103;1938,57
1450,5022794117644;1916,6
1157,8680514705877;1451,6
2069,4429040346913;1744,37
1733,2212500000005;1814,14
5559,624610294118;7758,19
1613,0455510935135;1930,87
2287,882609917043;1902,43
1477,3708198529412;1583,62
6599,871499999999;6599,62
1785,721264705883;2042,54
1842,3693820512817;1899,16
1958,066823529412;1976,11
2221,4787863876318;1819,85
1657,9086613122163;1719,69
1526,2692647058825;1846,63
2591,5540196078437;2248,47
4208,6666237745085;4187,75
1307,9301544117643;2371,99
2106,5209999999997;4355,28
2754,75930882353;2035,68
2521,4787863876318;2090,84
7597,405139705878;7917,83
1770,283734992458;1812,2
1389,3829117647063;1378,28
8571,015676470586;8432,45
1827,348362745098;1498,23
1434,9030551470582;1711,25
1793,5873529411751;1903,35
2088,7829040346915;2634,24
2511,9068627450974;2118,53
5812,040833333329;5732,28
1789,328786387632;1756,63
6574,976573529413;6617,86
1216,8204411764705;1504,2
2615,3963088235296;1897,29
1347,537823529412;1687,82
5565,704551470582;7482,78
6538,658926470585;6365,2
829,1245294117648;1369,94
2520,5950588235282;2033,37
1277,7721764705882;1511,84
1854,6750000000002;3490,06
2287,902823529412;1857,01
2898,586558823529;2838,02
1610,7691764705878;1721,38
6118,027563725491;6139,72
1318,5625784313722;1429,87
476,57934803921574;1594,77
2671,660110294119;2747,55
1019,7061691176473;2138,1
1564,4615294117639;1448,7
1700,6071764705878;1679,8
2146,8759999999993;1914,16
2314,5512867647067;2092,95
2189,3558823529415;1820,11
1897,268676168929;2008,26
5519,729551470583;7206,06
1957,5973820512818;1934,28
2438,239323529413;4023,6
1494,8049264705885;1479,28
6396,964700980392;6515,51
2890,4024632352944;3053,56
1061,477598039216;1343,43
1225,835019607843;1483,93
1785,592617647058;2169,37
2652,3502499999995;1845,46
1427,3849852941175;1156,26
1654,9569166666665;1305,05
1866,5936470588229;1839,96
2181,9483725490195;2129,18
2121,688676168929;2128,79
1775,0699166666666;1339,16
1312,4275980392158;1273,1
2331,4395000000004;2136,01
1892,1225612745093;1484,9
2314,5512867647067;2916,35
1751,452653883861;1547,64
1836,392609917043;1790,9
1943,8091470588233;1986,85
1453,7860882352943;1459,82
1396,7189117647063;1320,69
2374,6348627450975;2251,68
2016,0973627450978;1727,93
1461,1794852941175;1404,05
5719,576517156863;8843,07
6008,304034313721;6082,02
1814,7737647058823;1916,79
2390,9258452111612;1935,04
2010,144343137255;1980,17
1072,0974509803923;1236,73
2306,9737009803926;2103,92
2099,1227424208146;2850,39
7611,182088235293;7776,87
1716,670862745098;1345,34
973,7972794117645;1378,17
1684,436073076923;1341,16
1310,4304411764701;1235,32
1278,901823529412;1537,16
4388,137031862745;8990,96
1334,7889093137258;1265,45
3023,3968970588244;3531,52
1594,436073076923;1310,67
6533,156926470584;6952,11
2274,672294117647;1922,54
4162,306329656865;4115,36
1508,9563725490195;1226,91
1467,5472794117645;1787,87
1421,4974901960782;1486,31
2005,160676168929;2106,7
2226,8791319004517;1679,86
2119,6039999999994;2042,95
1232,3787715309197;1632,94
2753,780911764708;4863,6
1919,615264705882;2468,62
1812,3409411764706;1832,11
4136,786789215686;3905,91
1590,1725000000001;1402,2
1888,675264705883;2445,75
2485,9079240196074;2232,34
1660,975088235294;1559,69
2078,780343137255;2257,7
1459,486308823529;1163,95
5064,551465686275;7395,3
6034,364431372549;4787,42
2188,9014705882346;1798,17
1644,8600514705875;1553,94
7429,150284313722;5551,93
6433,667642156864;6709,62
1992,2514185897442;1708,85
2378,852676168929;2442,5
2366,1640588235286;2155,97
1366,3010845588224;1600,32
2321,0023232277526;2300,73
853,574330882353;1361,32
1610,3450882352945;1701,72
2309,5568235294113;2160,97
1452,586470588235;1659,64
7101,334884803921;7301,76
1539,7797904411757;1780,73
2744,8040196078437;2448,75
1126,6772205882355;1992,06
2231,3985436651583;1961,72
2314,2882598039214;1805,63
1761,7333820512818;1774,8
6078,788666666665;6286,91
2373,688676168929;2467,38
1142,4061372549018;1370,57
1371,5416911764696;1688,48
1461,1794852941175;1374,76
1377,4614926470572;2641,07
2388,6827058823524;2166,66
2313,8957058823526;2201,64
2101,266973039216;2059,6
1482,7974901960781;1428,01
1884,076279411764;1993,85
5514,2275514705825;7146,4
1685,3974509803916;1989,22
1777,709411764706;2951,86
6388,217509803921;6523,19
1230,2536538838608;1217,2
1709,5605436651588;2036,51
1952,8288235294112;1746,25
2020,1917647058822;1797,3
1065,3772205882356;1501,88
3113,762647058823;2879,08
2379,852823529412;1984,24
5553,125948529412;5361,33
1694,5674509803916;2008,0
1977,7660539215683;1970,98
918,4971323529412;1239,0
5833,9088112745085;4420,3
1321,9609313725487;1298,71
2287,902823529412;1877,64
1634,6058452111617;1921,93
475,14981862745105;1352,39
1730,8821764705876;1810,25
2029,252588235294;1851,12
7367,850284313722;5406,16
2010,144343137255;2108,11
1459,6722794117645;1732,66
3041,5557205882383;3738,29
1709,6058452111617;2158,11
4132,0416237745085;3883,35
1901,1410539215683;1855,01
1845,6763137254904;1818,15
1233,171019607843;1190,37
2179,7777647058824;1977,28
4693,286313725491;4482,31
2161,6417275641024;2171,67
2098,544656862745;2440,55
1294,471019607843;1243,91
1838,381225490196;1730,59
1065,6811691176472;2247,89
1396,7189117647063;1319,83
1334,7889093137258;1389,93
927,8222794117646;1206,33
1502,179325980392;1593,28
1644,177653883861;1337,41
5547,623948529412;5678,22
7545,9281397058785;7669,03
1968,7475612745093;1592,84
1474,3011911764702;1198,47
2931,446897058824;3706,1
1692,819215686275;2406,54
7072,5829509803925;7296,55
6538,658926470585;6714,27
2141,6752499999993;1801,12
2009,3534901960784;2024,45
929,182647058823;1879,78
1392,4860882352943;1339,33
2269,246323227753;2313,6
1917,3883529411758;1849,61
6540,045400735293;6928,25
2035,0944117647057;4090,74
1882,4025436651586;1538,86
1411,7523970588231;1493,64
1958,8291319004516;1669,19
6440,694333333335;6321,87
1917,7277647058822;1988,35
1596,4743529411753;1705,32
1579,1685;1316,16
1663,5238529411763;1550,96
1844,4708452111615;1975,39
6069,604034313721;6079,85
1729,645279411764;1919,06
1671,2536538838608;1356,76
1414,1614901960781;1431,71
1467,258470588235;1566,96
2361,666323227753;2466,46
2301,3646687405726;1723,27
6440,694333333335;6712,0
1658,526418589744;1630,76
1189,0321911764709;2177,73
1603,5390625000002;1699,83
1270,118198529412;1517,55
4222,5817892156865;4112,8
1168,6488817496227;2019,68
1216,8204411764705;1448,65
1440,755647058823;1755,97
1566,2104926470572;2643,19
2455,623110294117;2631,44
1956,2576024886876;1720,1
2195,7427058823528;1854,06
1772,026220588235;1499,0
2377,1383232277526;2483,61
1651,9132205882352;1351,19
1838,919734992458;1882,17
1828,8409411764706;1844,55
1312,4275980392158;1246,33
2848,5345759803927;1995,75
1382,6806862745098;1321,49
3041,5557205882383;3919,44
1571,5798897058821;1651,72
2747,101323529413;4802,45
2407,716401960784;2419,86
1834,9387058823527;1949,0
1848,2240730769229;1561,59
922,3202794117645;1208,4
7620,2615000000005;7449,38
2005,1308452111612;1644,98
1214,2299411764695;2199,36
5060,883465686275;7424,13
1776,392609917043;1749,32
6545,547400735293;6606,01
6599,871499999999;6720,52
2017,480343137255;2081,69
2040,566823529412;2033,1
1452,586470588235;1381,54
1672,3874019607842;1418,47
918,182647058823;1859,5
2305,118259803922;1946,44
1581,4863235294113;1930,96
4145,9567892156865;3888,23
1701,998862745098;1622,64
1137,555191176471;2026,63
1725,5202058823525;1918,76
1519,3349852941176;1253,41
1419,7983137254898;1396,19
1850,137504901961;2173,07
1187,677524509804;1527,35
2668,6944117647067;3154,13
2202,324676168929;2266,32
1685,1312254901961;1450,73
2565,7922549019604;2326,55
1349,291897058824;1608,75
5729,784333333334;8498,39
1414,1614901960781;1678,24
2252,319588235294;2022,25
2324,2288235294113;1780,46
2618,852676168929;2672,0
1382,6806862745098;1453,51
2077,9894901960783;2151,59
2130,239029110105;2170,39
6021,284799019608;4613,79
2099,526418589744;1955,95
7072,5829509803925;6970,01
1635,3361985294105;1371,28
5767,947899509804;8463,89
1496,1183725490198;1299,58
2681,26455882353;2522,27
6388,217509803921;6589,17
2848,5345759803927;2242,45
1526,339653883861;1324,25
1805,2194117647057;3480,5
1829,0693820512818;1790,9
1616,2313725490196;1458,83
1560,5698529411766;1264,26
6545,547400735293;6715,62
1791,418323227753;1761,82
1188,351642156863;1237,41
1827,1415294117635;1761,48
2015,9463232277528;1963,76
1549,099999999999;1405,11
1487,1976960784316;1228,46
2511,9068627450974;2269,4
1408,2195588235297;1529,35
1519,3349852941176;1417,34
2817,102357843138;2297,16
2188,0505392156865;2127,2
1765,7046687405725;1760,19
2172,252588235294;2010,64
6558,204224264707;6616,94
1938,2240730769229;1746,0
7603,563301470585;7778,47
1683,2139117647062;1788,93
1549,099999999999;1603,49
2050,016823529412;2076,05
6069,604034313721;5957,9
2178,239029110105;2286,24
969,9741323529411;1298,56
4671,89693137255;4919,86
8571,015676470586;9053,57
1453,8228308823527;1537,69
1571,5738529411765;1369,96
1389,1017573529398;2075,6
2392,768700980392;2081,77
1900,5285882352937;1783,88
1720,0692156862747;1226,81
1853,0123137254905;1809,13
6403,017642156864;6283,19
1961,3027715309195;1831,63
1333,1870588235283;1901,21
1032,6442794117645;1618,83
1832,082323227753;1922,92
4122,871623774508;3861,54
2046,457705882352;1780,46
1577,85075735294;2668,82
1967,2616024886875;1464,7
1447,9007647058825;1640,92
1270,118198529412;1780,38
1716,5873529411751;1810,86
1452,0094852941177;1586,38
1674,5338897058818;1487,5
2672,655382352941;2798,22
1427,189529411764;1403,75
1571,906573529412;1772,49
2017,2463232277528;2004,73
2193,7110291101053;2279,47
2499,519764705882;2293,68
1131,6717843137255;1440,18
1014,2041691176473;2056,61
1687,2323602941178;1330,92
2317,552676168929;2286,88
1157,8680514705877;1618,63
1725,8852500000005;1695,67
7755,537200980394;7919,54
1401,9370588235283;2077,63
2566,2427058823528;2080,37
6609,6812242647065;6435,87
3017,1095759803925;2176,4
2792,4285882352933;2204,32
1579,1685;1657,81
2314,5512867647067;2250,77
6078,788666666665;5844,11
1179,1816421568628;1191,2
5060,883465686275;7674,69
1425,5543259803922;1370,77
1266,4082132352944;2080,51
1844,0603529411756;1635,92
1683,2139117647062;1685,06
1578,9126613122162;1579,65
1859,3569632352942;1361,24
6021,284799019608;4507,35
2112,351882352941;1843,53
1752,4387058823527;1785,82
6433,667642156864;6594,08
2774,0495294117636;2215,02
1482,7974901960781;1498,75
2306,9737009803926;1858,97
789,5214411764707;1254,36
2840,9443578431383;2334,03
784,0194411764707;1435,4
1143,057191176471;1977,02
1596,2576024886876;1399,93
1870,6207058823525;1857,56
6034,364431372549;4379,33
1781,5605436651588;2168,25
2724,48430882353;1937,41
2071,613786387632;1648,09
1590,1725000000001;1242,8
2370,9901593137256;2199,09
1183,465867647058;1975,31
2073,796676168929;2189,28
6533,231077205877;8569,3
2173,1280196078433;2270,43
7565,207088235295;7468,79
2653,1514705882346;1837,41
505,7998186274511;1555,97
1257,2905362368024;1585,51
1142,4061372549018;1389,85
4229,466817401962;8699,98
1778,614215686275;2133,59
2383,5409803921575;2516,16
2644,1501102941193;2849,3
1983,3323774509809;1930,06
2057,052609917043;1608,96
5547,623948529412;5564,01
1859,3569632352942;1510,71
1983,3323774509809;2068,86
1277,7721764705882;1537,48
5519,729551470583;7491,69
2089,2686761689292;2113,05
2009,3534901960784;2271,8
904,6468602941176;1691,89
969,9741323529411;1377,74
6548,394499999999;6730,35
1147,272598039216;1466,25
1683,1150588235291;1702,39
2840,9443578431383;2297,28
1986,360558823529;2372,89
4122,871623774508;4195,61
1987,882609917043;1628,12
1331,5945588235297;1268,8
7545,9281397058785;8013,05
7552,086301470586;7415,71
1039,9802794117645;1629,07
2076,3926099170435;1917,46
2024,4447794117643;1913,0
2898,569411764707;3213,12
2016,0973627450978;2033,63
7780,134259803923;7674,03
1778,614215686275;2346,29
1874,577904034691;2310,68
1349,291897058824;1819,75
2243,2483725490197;2423,28
3023,3968970588244;3724,09
2060,818786387632;1740,62
5599,100948529413;5807,4
1628,0455510935135;1991,48
7382,778549019607;5847,05
1678,1024999999995;1329,79
6584,633926470584;6596,39
1557,9808452111617;1835,0
1914,3123137254904;1920,89
1595,2363235294113;1989,15
7106,900950980393;7414,46
2831,75930882353;2143,15
1866,8791319004517;1530,43
2010,283734992458;2122,55
7378,008666666666;5543,48
1457,3005147058825;1408,74
2009,474352941175;2093,38
1888,675264705883;2123,12
2390,9132598039214;1917,4
1412,4623137254898;1427,7
1461,4631911764704;1401,95
1237,9845588235296;1813,25
2080,158786387632;2201,69
1848,9483529411762;1763,57
7429,150284313722;5777,68
1764,6187794117645;1483,24
4754,586313725491;4719,81
1444,6528308823529;1392,47
2835,69555882353;2124,74
5910,5338112745085;4713,33
1379,2647647058825;1364,93
1412,4623137254898;1391,59
6422,535509803921;6323,72
1582,583889705882;1240,71
2660,527463235294;2761,21
2383,828159313726;2123,49
2274,672294117647;1857,65
1713,7072647058822;1880,43
2407,716401960784;2354,63
2018,6129040346914;1586,76
7072,5829509803925;7227,9
1137,4908676470582;1877,45
2178,4484117647053;1679,97
1412,4623137254898;1524,36
1345,9502941176465;1919,31
2215,3058823529414;1916,84
1665,9847058823527;1768,25
1644,5057794117645;1346,47
2806,6022352941186;2442,64
1890,3693820512817;2001,03
1278,901823529412;1590,92
1666,6150588235291;1688,56
6591,522400735293;6708,37
1713,7072647058822;1988,51
2159,772220588234;1834,28
475,14981862745105;1380,75
1179,1816421568628;1311,62
1725,8479852941175;1268,65
1319,9982549019605;1583,52
1569,0250882352939;1273,27
6041,700431372549;4340,17
1784,5655362368027;2006,51
2325,3131470588232;2133,86
2828,3605759803927;2832,81
1546,3209191176475;1541,27
6041,700431372549;4391,21
2698,331382352941;2404,61
2035,0944117647057;3341,75
5709,418134803919;8835,43
1441,861529411764;1338,98
1825,6374019607845;1707,11
1155,5204411764705;1395,51
2382,3017275641023;1908,72
1841,2232549019602;2100,07
1568,5000000000005;1506,69
1264,976642156863;1254,77
1081,2674509803924;1248,64
1070,6475980392158;1330,83
2198,875029110105;2255,26
7106,900950980393;6994,44
2301,192110294117;2064,62
1294,471019607843;1377,58
2383,828159313726;1984,32
1674,0871319004518;1339,87
1949,6058452111617;2298,6
2245,6827058823524;2040,82
4132,0416237745085;4076,16
2027,9686761689293;1906,22
2141,0246761689286;2111,02
1694,5674509803916;1977,3
2102,2555392156864;2067,95
7082,790767156865;7217,7
2136,377647058823;2418,54
1954,4025436651586;1560,59
1568,5000000000005;1680,16
3040,1693578431377;2543,56
1847,0615882352934;2032,81
1847,5223627450978;1768,78
1909,4202058823528;2445,7
2835,69555882353;2436,77
1158,2761758672702;2057,81
2466,351882352941;2152,67
1447,7410551470582;1355,29
1059,001580882352;2174,72
829,1245294117648;1524,61
2075,8116372549016;2241,48
1487,1976960784316;1284,12
1831,5346687405724;1971,96
2075,8116372549016;2030,64
6010,152666666665;6337,42
1441,861529411764;1504,07
8571,015676470586;8723,31
6422,535509803921;6685,63
1980,177653883861;1443,27
1947,9483529411762;1931,95
1571,906573529412;1566,6
1427,189529411764;1356,26
2753,780911764708;4345,6
5723,244517156863;8715,73
2209,9327058823524;1925,46
2301,388352941176;2117,89
5760,434333333334;8826,93
1381,7522794117644;1704,27
1520,7320845588224;1740,49
1618,8301985294108;1612,76
1604,0222205882342;1643,96
1390,5969313725486;1390,91
1657,8942647058825;2120,45
1687,2323602941178;1629,62
2221,049602488687;1960,12
1460,5259191176474;1835,04
1716,670862745098;1226,96
2789,6157058823524;2278,14
4145,9567892156865;3830,78
2366,852676168929;2367,27
1882,1495294117635;1778,27
1848,5592549019602;1808,38
1339,0721764705881;1594,84
2636,791764705882;2169,68
1771,1924509803916;2121,71
1530,759999999999;2095,76
2292,9252499999993;1993,19
1502,179325980392;1500,81
1776,2972794117645;2039,94
2708,1213333333335;2050,85
2346,416401960784;2323,84
2003,379352941176;1873,27
2708,1213333333335;1987,7
6579,206077205876;8538,63
2243,2483725490197;2191,47
6399,349642156863;6523,77
1055,3768817496227;1879,97
2938,601720588238;3504,25
784,0194411764707;1327,01
1663,4304999999995;1187,39
471,4818186274511;1420,54
1307,9301544117643;2132,15
1560,5698529411766;1321,69
2181,9483725490195;2245,91
1143,057191176471;1845,98
1769,4708452111615;1784,67
4693,286313725491;4435,13
1135,0701372549017;1560,31
2032,5285882352937;1821,57
1815,5568235294113;1641,78
2007,1756372549016;2107,42
1193,493198529412;1335,1
1481,0983137254898;1499,8
2037,2827794117643;1733,45
1427,3849852941175;1131,1
2644,1501102941193;2982,58
1955,9463232277528;1931,19
2305,118259803922;1858,24
1453,5936470588229;1685,31
1312,4275980392158;1255,08
2041,1780730769228;1800,51
2006,8973820512817;2007,6
1784,0813235294117;3785,43
1610,3450882352945;1554,21
1688,8626613122162;1721,26
5833,9088112745085;4476,05
1934,577904034691;2440,53
7584,826536764707;7791,67
2068,256764705882;1686,63
1260,9062132352944;2234,2
2153,017609917043;2106,66
1768,9387058823527;1843,63
1303,2575980392157;1634,45
1644,5057794117645;1432,04
1567,9086613122163;1589,09
1725,8479852941175;1292,1
6000,968034313721;5793,27
1319,9982549019605;1332,1
1434,3436470588229;1669,75
2518,2759999999994;1971,68
1233,171019607843;1206,34
899,5493308823529;1589,55
2241,7640196078432;2333,79
1968,7475612745093;1745,03
7370,6726666666655;5667,02
1572,0992647058824;2071,93
2806,6022352941186;2666,86
1459,486308823529;1190,02
2064,386073076923;1675,67
2708,1213333333335;2384,46
6406,3763333333345;6726,46
2565,7922549019604;2248,92
2390,9132598039214;1866,29
1251,2536538838608;1226,99
2262,3470291101053;2296,74
7559,705088235293;7674,04
4162,306329656865;3975,78
1430,8001029411766;1364,28
953,5939411764696;2030,66
1137,555191176471;2244,88
2005,597382051282;1969,51
1800,7024999999994;1322,4
1507,2000000000005;1453,28
1721,4319632352942;1260,5
1329,2969313725487;1283,49
1546,3209191176475;1665,67
1280,655897058824;1743,89
2104,1762499999995;1881,43
1690,5022794117644;2103,96
1794,5212500000005;1894,52
1733,2212500000005;1646,45
2836,1202107843137;2293,91
2398,2129803921575;2017,65
1583,4320730769232;1333,95
1960,2827794117643;1697,67
1564,4413235294112;2064,28
1856,1266911764706;1580,43
1637,3765362368026;1529,73
2949,6057205882385;3434,22
1846,6553823529412;2241,38
2938,601720588238;4060,79
1271,0606029411765;1686,57
6388,217509803921;6729,4
2379,852823529412;2158,33
7545,9281397058785;7413,86
1952,9262499999993;1661,53
1764,6187794117645;1745,17
1654,9569166666665;1143,87
1945,9086613122163;1834,16
835,4964411764706;1321,6
5095,201465686275;7950,11
1270,4361764705882;1724,11
1379,2647647058825;1337,08
2796,252588235294;2270,21
1683,2139117647062;1915,89
2628,23430882353;1887,23
1780,1587863876318;1837,53
1034,4826470588232;2189,96
6569,474573529413;6410,74
1664,4525362368026;2197,97
1551,4205510935135;1841,49
1301,2604411764705;1312,67
7367,850284313722;5542,13
1286,237823529412;1515,23
1909,8592549019602;1920,0
1867,5285882352937;1762,03
1032,6442794117645;1826,1
5723,244517156863;8411,75
967,2299411764695;1971,49
1617,6105436651587;1847,91
1503,7023970588232;1464,65
1237,9845588235296;1478,2
1019,7061691176473;1975,7
1548,810845211162;1871,83
1835,1640588235282;1754,46
1853,0123137254905;1828,7
1725,5202058823525;1864,48
5897,835833333329;5841,81
2339,080401960784;2301,33
2014,5116372549016;2073,97
7451,414549019608;5408,71
2587,335058823529;2396,28
2671,660110294119;3167,31
1811,5913235294115;2935,18
2398,2129803921575;2032,23
1558,021088235294;1434,79
2163,8876470588234;2252,07
1950,2613820512818;1991,94
6393,2967009803915;6295,3
1859,8995882352933;1851,67
1701,6956911764705;1270,97
1266,4082132352944;2182,77
1616,2313725490196;1306,81
1904,2909411764704;1932,35
1072,0974509803923;1444,55
1148,1844411764705;1391,28
2832,3557647058824;2133,89
2014,3008452111612;1587,52
1061,477598039216;1517,77
5824,738811274508;4589,83
1954,8131470588232;1973,62
2077,9896687405726;1713,15
1964,4543529411762;1721,66
2276,8988235294123;2035,0
1870,9245882352932;1912,79
1852,718323227753;1897,1
1654,9569166666665;1507,48
2857,675;3879,96
2005,6767275641023;1579,49
1842,8496274509805;1442,34
7574,2865;7665,52
8576,517676470588;8493,1
6584,633926470584;6704,33
2316,0603529411756;1776,43
853,574330882353;1388,84
2243,2483725490197;2257,42
6545,547400735293;6372,05
6000,968034313721;6061,29
2087,452653883861;1645,16
2374,6348627450975;2493,8
1847,5223627450978;1565,74
2078,919734992458;2089,31
1721,4319632352942;1268,65
1273,9052941176465;1890,78
1839,270862745098;1461,86
2188,0505392156865;2293,23
973,7972794117645;1445,69
1543,0955147058826;1538,86
1873,9795049019606;2129,51
2031,6039999999994;1893,09
1773,2611985294106;1448,34
505,7998186274511;1604,91
1306,05568627451;1367,65
1927,8751319004516;1731,11
1909,8592549019602;2080,03
1992,1415294117635;1946,3
2753,780911764708;5163,51
2007,1756372549016;1979,53
1663,5238529411763;1385,45
5910,5338112745085;4480,64
1774,328786387632;1750,38
510,89734803921573;1447,05
1610,3450882352945;1590,97
3035,3452107843136;2543,5
1460,599235294118;1571,77
2281,4787863876318;1926,43
1956,9126613122162;1704,06
6609,6812242647065;6890,07
1772,026220588235;1758,32
1061,477598039216;1277,81
1148,1844411764705;1565,3
1101,2802794117645;1693,18
2658,3605588235287;2670,44
1563,4409264705885;1771,84
2125,1383232277526;2129,98
1610,3450882352945;1880,03
1556,1420588235285;2259,1
2102,379352941176;1974,83
1523,7501176470573;1781,76
1535,3768817496227;2236,33
1568,5000000000005;1562,58
1947,0628235294118;1992,01
2086,881382352941;2420,78
1963,5628235294118;2057,01
6008,304034313721;5776,04
5753,894517156863;8822,5
1126,6772205882355;1606,42
1333,8451446078434;1363,04
1280,655897058824;1537,14
1581,5761911764705;1260,21
1599,6105436651587;1834,49
1196,8475245098039;1138,9
1676,0371319004519;1381,5
2316,076279411764;2064,24
2274,7909411764704;2187,73
2110,436973039216;2085,23
1657,3437794117644;1329,68
1059,001580882352;2125,57
1256,4531544117642;2061,23
1200,3077843137255;1500,23
1453,9581446078432;1363,44
1919,1227424208146;2615,39
1329,2969313725487;1275,18
2365,7949240196076;2065,92
1019,7061691176473;2005,43
1301,2604411764705;1257,7
3017,1095759803925;2366,84
1076,94817586727;1844,71
4136,786789215686;3982,05
1139,0077843137256;1361,69
2609,3430588235287;2346,47
2287,902823529412;1980,11
2520,8129803921574;2187,17
1989,5950588235282;1874,75
2130,191764705882;1853,1
1366,3010845588224;1479,63
1709,3419852941176;1489,44
2316,1437009803926;1804,35
2206,4787863876318;1782,15
1558,021088235294;1322,13
1771,2116024886875;1557,94
2365,7949240196076;2173,68
7378,008666666666;5352,76
2124,3502499999995;1709,95
2066,897382051282;2182,61
1649,4847058823527;1694,95
1466,4705147058826;1377,92
1318,5625784313722;1292,7
7551,430139705879;7454,04
2253,7743232277526;2363,75
1848,7251176470572;1818,06
2339,080401960784;2434,81
7749,484259803923;8006,97
1566,2104926470572;2457,17
1784,0813235294117;2927,21
1666,7912254901962;2256,31
1584,2783602941176;1278,3
1702,349999999999;1541,87
1236,2905362368024;1575,8
1571,5738529411765;1257,96
1416,384325980392;1749,22
2820,094588235294;1989,66
1716,670862745098;1246,84
1442,0639093137256;1490,06
2377,6262941176474;2071,32
2082,3693820512817;2091,06
1502,179325980392;1690,22
2920,442897058824;3675,78
2063,1514705882346;1680,45
2180,464019607843;2129,64
2641,184411764707;3551,52
6533,156926470584;6726,37
2324,003602488687;1900,63
7072,5829509803925;7437,77
1977,6105436651587;1750,24
1469,6959191176475;1383,56
2184,339656862745;2192,44
7630,801536764707;7643,4
5821,210833333329;5850,29
1590,1725000000001;1268,1
4229,466817401962;8521,01
2102,2555392156864;2124,32
1440,2916911764696;1901,85
2890,4024632352944;3094,31
1948,6103232277528;1954,29
1322,415653883861;1416,37
1589,858470588235;1711,78
1359,7002941176465;1983,47
1188,351642156863;1126,11
1389,3829117647063;1484,66
1680,1640625000002;1802,33
1825,6374019607845;1977,61
1553,3765362368026;1414,48
2845,3933333333334;2353,01
2052,1946687405725;1739,48
1566,761308823529;1307,16
4685,950313725491;4483,82
7360,514284313722;5891,25
7439,308666666666;5802,78
2161,645279411764;2230,61
1447,7410551470582;1506,48
2553,666323227753;2670,13
3047,6463088235296;2274,8
2285,676294117647;1849,66
6427,614700980392;6322,63
4208,6666237745085;4090,7
922,3202794117645;1239,18
7786,187200980394;8121,55
1785,592617647058;2031,37
1169,3485588235296;1406,14
1637,8686470588227;1977,67
848,072330882353;1374,67
1446,648308823529;1371,39
1278,901823529412;1972,23
1543,0955147058826;1765,2
1296,1701960784312;1244,46
2135,3895;2262,98
2071,5346687405727;2195,68
2174,6123725490197;2186,79
1857,3296687405723;1919,47
1793,6207058823525;1815,06
2066,516823529412;2132,04
1767,222609917043;1830,26
1457,3005147058825;1459,75
6540,045400735293;6398,76
1784,0813235294117;3052,81
2143,8821764705876;2003,95
2398,2129803921575;2055,51
1458,0189117647062;1389,33
2111,4255392156865;2049,82
1985,818786387632;1602,58
2378,6329240196073;2117,48
1530,4478308823527;1450,58
1686,312352941175;1673,99
2198,8058823529414;1856,15
1687,2323602941178;1407,88
1897,5373774509808;1859,83
7603,563301470585;7447,49
2129,0246761689286;2112,92
6403,017642156864;6345,09
1147,272598039216;1365,13
2331,057286764707;2439,14
1419,7961029411767;1362,77
2129,6168235294112;1714,62
1227,5341960784313;1334,66
471,4818186274511;1369,75
1977,4395000000002;1987,5
1805,2194117647057;3001,79
2697,7705588235303;2031,02
2316,1437009803926;1906,42
1660,975088235294;1321,33
1630,645279411764;1737,92
1618,8301985294108;1362,97
2817,102357843138;2616,12
1971,3131470588232;1987,17
1830,2288235294113;1628,81
783,1495294117648;1267,0
1850,137504901961;2517,61
1147,272598039216;1296,48
5514,2275514705825;7398,81
2155,2379040346914;1827,64
6017,488666666665;5840,71
2192,4743232277524;2150,02
2684,0365588235286;2487,21
2301,192110294117;2710,9
2373,677609917043;1866,16
1321,9509093137258;1330,22
5729,784333333334;8864,72
1260,1552941176465;1823,27
1784,082323227753;1821,17
1849,268676168929;1898,25
2001,3646687405728;1583,86
1270,4361764705882;1585,41
7565,207088235295;7662,95
1500,0356960784316;1213,83
2329,178073076923;1922,41
2035,0944117647057;3868,73
2744,8040196078437;2284,62
1411,7523970588231;1352,01
2032,4355;2226,4
1775,968676168929;1750,99
2021,0693820512818;1910,83
1826,919734992458;1834,73
1944,0536024886874;1567,14
2207,9463232277526;2097,93
1672,3874019607842;1754,88
2511,9068627450974;2403,23
1718,2016911764706;1263,1
1243,6630514705876;1407,1
1797,9529040346913;2116,69
1822,9105510935137;2259,98
1537,8044852941175;1523,37
6440,694333333335;6455,54
2027,5197647058822;1883,66
5565,704551470582;7182,85
1769,0693820512818;1757,48
1203,7061372549017;1436,96
2154,8114705882344;1902,3
2806,6022352941186;2827,33
1812,0992647058824;2246,27
1322,4245588235297;1469,95
7439,308666666666;5654,85
1522,7501029411767;1651,56
2587,335058823529;2302,74
2184,339656862745;2129,67
1660,975088235294;1369,51
1577,85075735294;2837,7
6540,045400735293;6616,8
2382,302323227753;2440,96
1508,9563725490195;1217,8
2677,924764705883;2113,08
1674,5338897058818;1602,94
1983,7277647058822;2098,7
1685,1312254901961;1423,37
1143,057191176471;1856,24
1842,2505510935139;2123,09
1452,0094852941177;1807,0
5767,947899509804;9033,37
1973,1002499999993;1652,81
2310,216676168929;2348,47
7751,8692009803935;7659,34
6391,885509803921;6285,02
1382,8070845588222;1410,17
1184,323198529412;1865,11
1584,645819852941;1877,25
1414,7002941176465;2098,95
1641,9370588235283;2119,9
1865,697220588234;1970,66
2480,5577794117644;2039,15
1986,8657058823524;1758,6
1401,8547904411757;1415,63
1964,4966761689288;1938,72
1499,8640000000005;1448,07
6410,044333333335;6515,51
1674,5338897058818;1316,78
1770,0167275641024;1750,53
2901,535110294119;3048,6
1833,7055510935136;2195,2
2848,5345759803927;2031,92
1432,4825147058825;1139,02
2017,480343137255;1991,04
6410,044333333335;6283,4
2003,3502499999993;1670,44
1833,831382352941;2128,99
2016,6894901960784;1970,49
480,2473480392157;1357,72
1517,0992647058824;1919,74
1827,348362745098;1672,76
2840,9443578431383;2503,09
1771,1924509803916;2059,91
1131,6717843137255;1557,61
6000,968034313721;5990,76
2189,457705882352;1817,08
2107,714656862745;2188,44
973,7972794117645;1299,92
1449,4616911764697;1731,84
3060,48430882353;2028,22
2633,017463235294;2964,14
6574,976573529413;6446,75
910,8466470588231;1881,09
1873,1477424208142;2471,15
2030,8291319004516;1767,4
1819,5365588235286;2156,53
1131,9888676470582;2015,63
1358,5286538838611;1391,26
1925,9537863876317;2037,59
7565,207088235295;7787,89
2101,266973039216;2241,75
1386,6007647058825;1317,3
2426,852676168929;2550,67
2668,6944117647067;2834,56
2511,9068627450974;2189,2
1558,021088235294;1621,99
1718,2016911764706;1284,76
1142,4061372549018;1499,31
2195,8995882352933;1947,03
2078,6129040346914;1604,45
2438,239323529413;4663,01
5565,126610294118;7576,22
2054,0371319004516;1630,49
1270,4361764705882;1540,08
3035,3452107843136;2663,51
1823,4970000000003;3587,58
1880,7737647058823;2072,72
1555,016055147058;1454,29
1584,0871319004518;1310,04
1685,3974509803916;2379,93
7082,790767156865;7302,82
7113,440767156864;7296,31
1032,6442794117645;1505,75
1657,3437794117644;1358,46
2737,3822549019606;2356,14
2276,8988235294123;2228,17
1157,8924509803924;1590,68
7780,134259803923;7819,12
4122,871623774508;3968,43
1504,8613235294113;1829,96
2392,768700980392;1991,12
1399,299235294118;1472,57
4754,586313725491;4680,95
4671,89693137255;4738,85
5060,883465686275;7983,33
1549,099999999999;1444,0
5753,894517156863;8665,54
1341,2905362368024;1621,82
1537,8044852941175;1645,55
2097,952904034691;2326,87
1346,6831446078434;1260,12
1711,266220588234;1822,7
2360,4447794117646;2096,1
2898,569411764707;3586,43
1157,8680514705877;1375,26
1466,4705147058826;1376,46
2075,9258452111612;1648,43
1977,7660539215683;2165,16
1307,9301544117643;2190,08
1625,3027715309195;1651,99
2298,216676168929;2304,62
2300,818786387632;1910,07
4422,455031862745;8841,83
1388,6342549019605;1392,53
1673,4320730769232;1514,13
1243,6630514705876;1592,11
1409,2757573529398;2396,52
2622,7022352941185;2286,76
1223,4525362368026;1596,04
5897,835833333329;5737,68
7620,2615000000005;7946,93
2174,6123725490197;2140,36
1572,2514185897442;1541,14
1930,1276470588232;2157,29
1189,0321911764709;1988,69
2164,791764705882;1981,23
1612,266220588234;1723,53
1782,7850514705876;1824,11
2062,8288235294112;1898,47
1461,4631911764704;1637,52
1389,3829117647063;1341,46
1652,3787715309197;1931,94
1189,0321911764709;1920,67
1859,228073076923;1532,01
5559,624610294118;7428,29
2278,2427058823528;2025,74
1227,5341960784313;1239,38
2073,2045049019607;2032,73
5737,297899509805;8410,29
1782,7850514705876;1525,88
2293,521;4660,46
2534,379352941176;2060,65
1256,5620588235286;1791,94
2591,5540196078437;2021,46
2420,516823529412;2354,58
2314,2882598039214;1833,74
1853,017609917043;1904,91
1735,715264705882;1869,05
2046,2759999999994;1813,96
2668,6944117647067;2861,39
2090,9258452111612;1724,31
1270,118198529412;1433,92
1780,7046687405725;1756,83
6553,896500000001;6610,1
777,6475294117647;1426,93
2077,9894901960783;2082,31
2477,9309117647076;4006,87
2305,118259803922;1814,14
4212,307817401962;8635,16
1705,3972156862746;1434,42
2697,7705588235303;2180,9
1196,8475245098039;1160,99
1682,1225;1391,53
5559,624610294118;7189,57
2174,6123725490197;2442,63
2173,1514705882346;1721,62
2062,9424117647054;1708,39
1838,381225490196;1541,04
510,89734803921573;1641,38
1234,8701960784313;1182,5
1179,1816421568628;1499,1
6089,920799019608;4599,84
1157,8680514705877;1344,2
1152,9299411764696;2009,87
1775,0699166666666;1254,28
1849,328786387632;1782,69
1660,4887058823529;1687,91
6041,700431372549;4606,17
2383,5409803921575;2268,36
1176,6845588235296;1410,09
6563,706224264708;6378,27
1709,3419852941176;1742,17
1811,5913235294115;3010,34
1081,2674509803924;1381,43
1785,592617647058;2027,93
1801,3369411764706;1849,39
1287,991897058824;1517,98
1147,272598039216;1417,23
2184,339656862745;2273,66
1414,1614901960781;1390,46
1294,471019607843;1444,57
1329,2969313725487;1393,32
1397,6354926470572;2063,21
1733,2212500000005;1644,07
1855,2658452111614;1831,34
1750,8115882352934;1805,07
1590,1725000000001;1244,69
1914,3123137254904;1991,33
1166,0488817496225;1890,03
1856,1266911764706;1425,64
2242,4025436651586;1698,49
1401,8547904411757;1452,23
2125,575029110105;2118,73
1065,3772205882356;1721,39
7079,122767156864;7226,03
2307,2737863876314;1899,97
2633,017463235294;2805,72
1589,858470588235;1463,95
5760,434333333334;8669,95
2381,0246761689286;2286,67
2115,2000000000003;3968,35
1059,001580882352;2250,78
1391,963235294118;1379,75
1419,7961029411767;1579,26
5719,576517156863;8432,57
1390,9222794117645;1688,09
1581,5761911764705;1449,2
1666,7912254901962;1510,14
2001,818;3796,05
2305,130845211161;1903,94
1499,8640000000005;1594,06
1453,7860882352943;1554,34
2379,9483529411764;2204,17
1818,283734992458;1921,93
6591,522400735293;6862,44
1822,6756274509803;1488,85
1618,8301985294108;1896,39
1520,7320845588224;1829,55
2326,4014705882346;1974,18
1349,291897058824;1687,3
4229,466817401962;8825,96
2041,4663235294115;3183,88
1569,0250882352939;1246,17
6118,027563725491;6339,78
1382,6806862745098;1368,24
1389,3829117647063;1642,1
1680,1640625000002;1928,71
2281,3058823529414;2022,81
1590,062352941175;1621,03
2374,6348627450975;2112,71
7113,440767156864;6998,93
1847,5223627450978;1421,11
1906,7073774509809;1857,54
2378,6329240196073;1981,6
1837,8751319004516;1548,91
1845,9959999999999;3630,28
2647,48430882353;1898,66
2820,9252499999993;2061,91
1766,697220588234;1884,46
1890,2363235294113;2185,37
1686,3860730769231;1385,33
1261,9551544117644;2085,88
1403,6371176470575;1671,17
1459,486308823529;1162,96
1416,3809852941176;1195,29
1765,619734992458;1762,17
1577,85075735294;2301,07
1541,6186470588227;1800,16
1961,0470291101053;1937,23
2383,828159313726;2009,93
2216,569588235294;1937,47
6440,694333333335;6593,62
7749,484259803923;7642,12
1901,1410539215683;1980,6
1967,135176470587;1652,37
1142,4061372549018;1362,04
1667,7949166666667;1139,42
2474,292705882353;1907,73
1701,6956911764705;1468,46
5553,125948529412;5421,72
1135,0701372549017;1752,63
1007,5245808823522;2096,4
1997,385176470587;1671,43
1727,7722205882342;1701,37
2014,5116372549016;1969,22
7076,250950980393;7028,59
1772,082323227753;1779,55
2398,2129803921575;2193,16
1817,8369411764706;1914,74
1595,2823602941178;1244,6
2246,875029110105;2374,77
1680,1640625000002;1597,59
1388,6342549019605;1471,36
2287,902823529412;1849,18
1760,8467275641024;1778,06
1448,5655362368027;1891,66
7579,324536764707;7788,3
5833,9088112745085;4711,05
1296,1701960784312;1299,81
2828,3605759803927;2244,72
2174,577904034691;2592,11
4212,307817401962;8704,94
1853,6408452111616;1784,87
1807,3883529411758;1639,47
2276,8988235294123;1921,09
1822,6756274509803;2184,42
1725,8479852941175;1407,4
2369,0023232277526;2328,55
2317,6981102941168;2244,43
2370,9901593137256;1983,82
2590,1495294117635;1966,16
1238,415653883861;1302,58
1070,6475980392158;1241,98
6406,3763333333345;6524,07
1183,465867647058;2053,15
4153,136329656865;3913,43
848,072330882353;1743,01
899,5493308823529;1662,82
1233,171019607843;1287,02
6403,017642156864;6595,75
1678,1024999999995;1171,73
1877,5426176470578;2192,58
777,6475294117647;1311,51
1928,045551093514;2117,69
4136,786789215686;4157,69
1687,7691764705878;1865,04
6569,474573529413;6919,62
1397,6354926470572;2115,15
1135,0701372549017;1443,99
2817,102357843138;2952,61
1519,3349852941176;1205,37
1430,8001029411766;1531,08
7611,182088235293;7642,94
7552,086301470586;7780,35
7751,8692009803935;8136,48
1310,4304411764701;1261,42
1507,2000000000005;1581,1
1059,001580882352;2065,06
2384,4743232277524;2274,64
1773,2611985294106;1626,89
1771,1924509803916;2315,07
2059,7709999999997;4047,31
1379,2647647058825;1476,72
1332,3606029411765;1778,44
5611,101610294118;7454,2
2632,1762499999995;2164,5
1591,5191764705878;1648,94
2314,3008452111612;1727,49
1794,5212500000005;2015,82
1667,7949166666667;1130,9
7113,440767156864;7139,6
2793,243058823529;2772,25
858,6718602941176;1370,62
2320,4355;2422,27
2744,8040196078437;2705,75
1334,7889093137258;1255,16
1852,2288235294113;1646,86
2477,9309117647076;4049,39
4740,532931372551;4902,13
1542,2505510935136;1899,74
2694,4307647058827;2027,97
1573,083131900452;1329,44
7360,514284313722;5389,47
2129,263147058823;2268,1
1530,4478308823527;1740,22
1270,4361764705882;1965,98
2062,9105510935137;2410,03
1155,5204411764705;1366,34
2240,881382352941;2534,46
1587,516220588234;1658,31
1566,2145362368026;1319,54
2828,3605759803927;2247,99
2392,768700980392;1865,97
1986,3646687405728;1589,02
1663,5238529411763;1323,8
1606,6065436651588;1957,28
1704,3860730769231;1467,22
1554,1407715309194;1533,13
1530,759999999999;1428,62
5833,9088112745085;4581,78
1725,8479852941175;1258,67
2377,6262941176474;1985,12
7076,250950980393;6965,89
2748,373411764705;1975,99
2694,4307647058827;2061,46
1878,5205882352936;1833,89
1894,8409411764706;1884,41
1518,6113235294113;1843,99
2317,6981102941168;1999,75
1013,0265808823522;2107,76
2181,9483725490195;2153,49
2022,6157058823524;1835,41
1421,4785147058824;1144,7
1543,0955147058826;1463,81
2011,4246274509803;1620,14
6391,885509803921;6347,6
853,1698602941176;1760,48
2848,5345759803927;2412,66
2086,613786387632;1723,19
918,4971323529412;1332,14
1848,5592549019602;1916,36
1444,6528308823529;1448,06
1327,3342549019605;1298,92
1784,0813235294117;3324,68
2609,3430588235287;2294,84
1399,299235294118;1320,97
1072,0974509803923;1695,76
2037,1150588235291;1832,53
2075,8116372549016;2081,59
2587,335058823529;2501,77
7568,7845;7420,14
6533,231077205877;8791,58
5729,784333333334;8409,04
4679,23293137255;4722,75
2573,214019607844;2254,67
2146,613786387632;1813,01
2185,575029110105;2149,85
1389,0525980392158;1476,31
8576,517676470588;8845,51
1839,270862745098;1305,6
1621,9139117647062;1560,73
1572,9808452111617;1847,25
1674,5338897058818;1386,61
6406,3763333333345;6595,93
1234,8701960784313;1287,7
1829,3883529411758;1709,96
2346,416401960784;2290,18
1839,418323227753;1785,36
6078,788666666665;6114,86
6574,976573529413;6734,29
8576,517676470588;8405,27
2026,3091470588233;2207,99
2737,3822549019606;2267,93
909,5939411764696;1926,6
1421,505647058823;1681,69
1432,4825147058825;1254,1
784,0194411764707;1272,79
1611,4205510935135;1889,12
2201,047029110105;2089,3
2073,2045049019607;2268,6
6533,231077205877;8485,8
5599,100948529413;5420,21
1735,715264705882;1890,27
1701,989215686275;1983,17
2520,8129803921574;2305,06
1273,472524509804;1435,18
2292,2737863876314;1823,36
1482,7974901960781;1654,7
1271,0606029411765;1508,94
6103,000431372549;4550,6
5733,629899509804;9040,8
1522,7501029411767;1515,66
1469,6959191176475;1571,48
1704,9259632352941;1269,95
6427,614700980392;6452,98
2318,6129040346914;1727,02
1764,6187794117645;1417,86
2168,773764705882;2247,0
3035,3452107843136;2777,66
1589,1442647058825;1934,38
1442,0639093137256;1427,21
1979,4134185897442;2059,75
1579,1685;1447,97
1764,6187794117645;1609,41
1460,599235294118;1662,98
1169,3485588235296;1609,08
2230,648786387632;1754,78
1148,1844411764705;1781,39
1101,2802794117645;1756,3
5729,784333333334;8717,56
1568,9052941176465;2293,39
1892,1225612745093;1459,13
2753,780911764708;4595,3
5753,894517156863;9006,04
1654,0474019607846;1488,13
1825,6374019607845;1530,33
1800,7024999999994;1545,23
2256,8759999999993;2098,84
1651,9132205882352;1810,3
1494,8049264705885;1764,05
2118,239029110105;2131,07
2314,2882598039214;1808,12
1058,0412205882355;2031,96
1766,0866911764697;2010,46
1672,1110588235292;1768,7
6609,6812242647065;6724,22
1845,5205882352936;1763,35
1203,7061372549017;1501,29
1496,1183725490198;1230,83
2317,6981102941168;2033,67
4740,532931372551;4493,04
1778,6408452111616;1751,92
1842,8496274509805;1415,79
1842,3296687405723;1839,87
1039,9802794117645;1483,8
1901,1410539215683;1852,64
2014,5116372549016;1994,15
1703,5122058823529;1881,97
1644,8600514705875;1349,26
2455,623110294117;2179,68
1654,0474019607846;1605,52
2609,3430588235287;2505,69
1964,8450588235282;1785,08
2205,7743232277526;2262,57
2828,3605759803927;2084,2
2084,4285882352933;2022,75
905,9299411764696;1845,25
1325,8985784313722;1274,74
6553,896500000001;6449,11
1072,0974509803923;1303,29
2041,6750000000002;3553,11
5064,551465686275;7474,83
1917,3296687405723;2030,42
1811,5913235294115;2915,59
7745,816259803923;8000,63
1256,4531544117642;2238,61
7551,430139705879;7771,28
2445,7743232277526;2487,64
1705,3972156862746;1301,72
2339,080401960784;2602,99
1681,2116024886875;1391,04
777,6475294117647;1602,15
1848,5592549019602;1803,62
1758,283734992458;1774,82
475,14981862745105;1362,79
1139,0077843137256;1497,62
6118,027563725491;5871,46
2069,988786387632;1605,26
1321,9509093137258;1563,31
7390,114549019608;5664,57
1287,991897058824;1543,48
1776,7470000000003;3464,16
7070,684884803922;7299,96
1294,471019607843;1298,93
1827,348362745098;1576,98
1065,6811691176472;2064,2
1842,6692156862746;1562,6
1891,9710539215682;2236,5
1392,4860882352943;1459,48
1196,8475245098039;1254,22
1312,3832132352945;2383,35
1909,8592549019602;1990,91
1387,1985784313722;1539,07
1571,5798897058821;1258,71
5812,040833333329;5833,21
2744,8040196078437;2360,56
1778,5286538838611;1547,56
1224,2167715309197;1574,71
7568,7845;7976,73
4153,136329656865;3988,92
1131,9888676470582;1924,38
2053,094588235294;1776,13
5743,736134803919;8664,83
1329,2167715309197;1623,32
1966,6603529411757;1808,19
2089,3287863876317;1934,02
1618,8301985294108;1440,62
1680,2916911764696;2088,84
2557,552676168929;2466,29
1400,7483970588232;1541,09
1853,0123137254905;1803,12
1416,384325980392;1442,62
1555,016055147058;1595,8
2292,1946687405725;1921,4
6609,6812242647065;6622,59
1928,1947794117643;1696,78
1663,083131900452;1495,24
1469,6959191176475;1385,36
4222,5817892156865;4303,04
2184,339656862745;2401,36
2020,6326761689293;2093,23
1319,9982549019605;1299,21
1678,9810882352945;1613,59
2309,0023232277526;2294,82
7603,563301470585;7941,61
1702,349999999999;1636,53
1446,648308823529;1581,72
1564,4615294117639;1686,12
2054,660352941176;1900,7
1331,4917715309198;1696,89
1137,4908676470582;1847,83
1747,9105510935137;2117,96
2079,4484117647053;1643,81
2471,2513235294127;4112,54
4238,931329656865;3920,03
2346,416401960784;2296,58
1167,0380514705878;1325,03
1287,991897058824;1516,99
1609,312352941175;1637,22
969,9741323529411;1243,35
2806,4014705882346;2037,67
1845,6763137254904;1858,27
1434,9030551470582;1380,65
2898,569411764707;3053,77
1601,4320730769232;1400,0
1699,2116024886875;1450,06
2471,2513235294127;4199,81
1346,9370588235283;1980,44
6049,39156372549;5841,83
1434,9030551470582;1421,22
5821,210833333329;5729,98
1319,9982549019605;1428,67
1419,7961029411767;1432,83
6433,667642156864;6318,61
973,182647058823;1914,04
1664,751220588235;1330,88
1131,6717843137255;1377,52
1900,718323227753;2003,08
1652,4895362368025;1402,27
1447,9007647058825;1387,27
1564,4615294117639;1527,17
1487,1976960784316;1422,54
1227,5341960784313;1483,29
1860,1415294117635;1835,79
2389,3068627450975;2173,42
1667,7949166666667;1157,53
2657,6168235294112;1850,05
1512,7251176470572;1713,72
7749,484259803923;7710,99
1421,4785147058824;1302,87
789,5214411764707;1273,54
1760,326279411764;1800,27
1825,6374019607845;1620,86
1524,4325147058826;1338,31
2082,3017275641023;1724,14
1481,0983137254898;1584,03
1404,6722794117645;1699,74
2622,7022352941185;2305,87
1757,4895362368025;1590,11
1840,7046687405725;1798,92
2677,924764705883;2259,09
1466,4705147058826;1403,37
5726,116333333333;8843,34
6017,488666666665;6118,92
2395,2379040346914;1927,7
1845,6763137254904;2107,47
1992,1946687405728;1643,28
7559,705088235293;7418,97
1701,6956911764705;1717,34
829,1245294117648;1311,33
1720,0692156862747;1359,09
1909,1477424208142;2513,54
1689,6105436651587;1875,15
1325,8985784313722;1380,02
1703,5122058823529;1972,3
1266,4082132352944;2050,05
1990,1308452111612;1604,73
1388,6342549019605;1547,82
2008,6103232277528;2098,2
2232,0536024886874;1688,47
1857,7827058823525;2043,51
1788,7829040346912;2202,1
2009,6039999999994;1814,99
1595,2823602941178;1413,1
1331,5945588235297;1245,23
1872,0536024886874;1536,06
2711,6463088235296;2097,72
2845,3933333333334;2234,04
7390,114549019608;5551,74
4212,307817401962;8852,55
1137,555191176471;1866,58
7611,182088235293;7447,86
2132,4743232277524;2116,98
6049,39156372549;6336,92
1617,6810882352945;1689,54
7439,308666666666;5571,01
1644,5057794117645;1562,67
1347,537823529412;1937,6
1635,3361985294105;1337,48
1184,323198529412;1365,69
2634,8114705882344;2169,89
1179,1816421568628;1141,9
1873,9795049019606;1877,73
1530,759999999999;1703,51
6579,206077205876;8992,84
1614,5779117647062;1705,79
2023,7691764705878;2087,45
2120,292705882353;1781,8
2378,6329240196073;1981,15
1604,3571764705878;1633,51
2049,9167647058816;1746,9
1620,0001176470573;1951,48
1863,810845211162;2365,0
2048,381382352941;2311,45
6089,920799019608;4721,55
2374,6348627450975;2039,96
1842,6692156862746;1361,74
1379,2647647058825;1653,8
2029,2463232277528;2087,17
1389,1017573529398;2836,66
1781,0693820512818;1753,69
2395,319588235294;2105,03
1654,7002941176465;2197,6
1385,1500882352943;1374,01
2193,7743232277526;2183,32
1716,670862745098;1218,03
1957,1606761689288;1998,65
6406,3763333333345;6299,67
2297,697220588234;2030,83
1830,3693820512817;1827,77
5713,08613480392;8719,97
2383,828159313726;1977,21
2017,3114705882347;1676,31
1680,1640625000002;1672,62
1474,3011911764702;1170,8
2912,881382352941;2630,67
1558,021088235294;1260,63
1725,8852500000005;1660,85
1947,4447794117643;1770,92
2383,5409803921575;2040,69
7429,150284313722;5405,31
2215,648786387632;1750,81
5733,629899509804;8729,45
2378,6329240196073;2013,2
1382,8070845588222;1404,8
1321,9609313725487;1429,99
1385,2916911764696;1758,52
2812,278210784314;2298,08
2187,061973039216;2127,14
1761,392609917043;1757,9
1906,7073774509809;1876,74
6548,394499999999;6619,55
1346,6831446078434;1270,66
1137,4908676470582;1849,21
1867,6457424208145;2526,87
7378,008666666666;5408,28
1978,3668235294112;1662,52
1635,3361985294105;1340,5
1689,4616911764697;1815,37
2182,8409411764706;1977,5
835,4964411764706;1385,5
1436,4917715309198;1873,6
2165,9537863876317;2170,92
2301,192110294117;2152,11
2101,266973039216;2436,83
2133,677609917043;1792,01
2144,4743232277524;2115,83
1672,3874019607842;1406,13
1718,2016911764706;1390,57
2806,6022352941186;2546,11
2066,0495294117636;2035,61
1838,017609917043;1836,11
1203,7061372549017;1592,17
1650,2145362368026;1344,57
6391,885509803921;6597,19
5559,624610294118;7573,6
2949,6057205882385;3711,33
1477,3708198529412;1398,46
1014,2041691176473;2429,29
1014,2041691176473;1989,64
6599,871499999999;6430,09
1701,998862745098;1300,55
7079,122767156864;7296,39
1396,7189117647063;1344,67
1672,6488817496227;2422,6
2161,9424117647054;1843,15
6548,394499999999;6916,57
2041,4663235294115;3779,54
2587,335058823529;2817,79
1657,3437794117644;1507,81
7597,405139705878;7619,33
2181,9483725490195;2129,63
1524,4325147058826;1206,15
1389,0525980392158;1550,57
1848,7829040346912;2356,31
5767,947899509804;8832,41
2485,9079240196074;2069,91
1677,2905362368024;1761,32
1039,9802794117645;1480,47
6010,152666666665;6000,47
2143,2662205882343;2045,75
2305,6767275641023;1732,09
1286,237823529412;1701,38
7101,334884803921;7137,98
4238,931329656865;4120,66
1957,6376470588232;2170,84
1385,3487904411759;1731,72
1559,4134185897442;1637,27
1673,4895362368025;1472,61
2737,3822549019606;2671,45
2314,3091470588233;2394,65
7557,588301470587;7390,75
4422,455031862745;8591,73
1961,4320730769232;1719,18
4132,0416237745085;3964,91
1430,8001029411766;1333,95
5897,835833333329;5946,79
1392,4860882352943;1316,46
2485,9079240196074;2118,47
2226,586558823529;2713,67
2370,9901593137256;2050,18
1560,8686470588227;1873,41
1520,7320845588224;1636,24
1758,5650588235292;1787,97
2144,5577794117644;1948,85
1832,360558823529;2242,65
1809,2777647058824;1831,68
1909,4202058823528;2191,66
3109,521;4914,72
853,574330882353;1370,89
2129,587352941175;1949,56
1785,592617647058;2065,34
916,9299411764696;1868,37
2455,623110294117;2366,71
1277,7721764705882;1507,41
2043,4395000000002;2028,63
2092,7887058823526;1780,08
1510,6065735294121;1428,34
2306,9737009803926;1946,75
476,57934803921574;1376,32
1694,0371319004519;1435,12
1841,2232549019602;1859,43
5519,729551470583;7132,21
1865,4543529411762;1686,9
1955,1227424208146;2749,8
2067,5577794117644;1843,09
2317,6981102941168;2427,66
1453,8228308823527;1374,65
1391,963235294118;1340,19
1651,9132205882352;1421,16
6010,152666666665;5829,41
1321,9609313725487;1334,84
4162,306329656865;3891,55
1705,3972156862746;1624,99
1873,9795049019606;1917,53
1421,4974901960782;1392,37
1713,7072647058822;2216,62
476,57934803921574;1822,69
1960,9395000000002;1974,8
2102,2555392156864;2434,49
5737,297899509805;8495,29
2137,9896687405726;1805,51
2036,6071764705878;1791,54
2622,302323227753;2678,13
1660,975088235294;1480,6
2078,780343137255;2171,22
2192,623411764705;1744,53
1581,5761911764705;1340,44
6034,364431372549;4622,17
2438,239323529413;4321,08
1644,8600514705875;1378,67
6393,2967009803915;6589,9
1421,4974901960782;1367,56
1811,5913235294115;3354,07
2290,648786387632;1786,19
1157,8924509803924;1481,15
6553,896500000001;6733,04
1427,3849852941175;1246,38
1327,3342549019605;1283,36
2175,2887058823526;1967,01
2832,3557647058824;2294,7
1126,6772205882355;1840,94
1775,0699166666666;1412,43
1943,3985436651585;1748,97
1550,0488817496225;2094,56
2016,6894901960784;1967,05
1941,7110291101053;1957,09
1676,9887058823529;1697,96
2010,5205882352936;2018,15
1401,8547904411757;1644,21
4685,950313725491;4907,06
1312,4275980392158;1383,23
6078,788666666665;6036,37
2181,688676168929;2287,32
1914,3123137254904;2069,87
5719,576517156863;9054,1
1461,1794852941175;1552,14
1495,6913235294112;1841,26
1603,5390625000002;1510,21
1377,4614926470572;2252,55
2306,9737009803926;1813,56
1333,8451446078434;1280,86
1967,339653883861;1713,85
1784,4708452111615;1840,65
1865,9537863876317;1919,79
1243,6630514705876;1530,17
1301,2604411764705;1430,63
4388,137031862745;8542,4
2817,818;4166,97
1453,7860882352943;1641,12
1499,8640000000005;1768,29
1891,9710539215682;1858,0
1850,137504901961;1869,19
1457,3005147058825;1599,61
1682,1225;1511,13
1545,2145362368026;1312,4
1169,3485588235296;1462,09
7451,414549019608;5654,88
2197,160676168929;2281,72
1881,6457058823526;1915,69
2503,6039999999994;2282,36
5743,736134803919;9004,57
1941,0327794117643;1683,98
1725,5202058823525;1880,94
6574,976573529413;6379,86
1400,7483970588232;1787,8
2135,7101764705867;1792,39
1694,5674509803916;1976,76
1967,1745882352932;2074,6
1555,016055147058;1666,44
2569,3058823529414;2089,5
2044,8114705882347;1757,25
1584,2783602941176;1666,95
1549,099999999999;1411,93
1859,577904034691;2194,34
1839,270862745098;1361,68
783,1495294117648;1241,37
2025,7966761689288;2076,05
2812,278210784314;2415,72
1796,725264705883;2034,86
2107,714656862745;2052,65
1977,1946687405728;1591,49
1953,7110291101053;1996,87
6399,349642156863;6294,2
1247,3920588235285;1802,84
3012,6827058823524;2255,2
1499,8640000000005;1484,49
3041,5557205882383;3550,18
1704,9259632352941;1340,89
1388,6342549019605;1336,14
2622,7022352941185;2338,09
1774,588617647058;2034,47
1338,0752941176465;1851,95
5709,418134803919;8729,19
2009,988786387632;1579,95
1046,0488817496225;1828,24
7584,826536764707;7666,94
1692,819215686275;2195,84
2194,006764705882;1800,28
2077,246323227753;2179,46
6538,658926470585;6432,06
2174,6123725490197;2271,91
1822,0603529411756;1619,87
2471,2513235294127;4662,64
7574,2865;7469,84
1908,7055510935136;2331,13
2658,256764705882;1848,43
2438,875029110105;2472,01
1264,976642156863;1317,68
1007,5245808823522;2037,69
1998,8876470588232;2201,24
2110,436973039216;2060,69
858,6718602941176;1390,03
4132,0416237745085;3830,49
1691,5605436651588;1934,23
1785,721264705883;2535,88
2061,3646687405726;1615,83
2092,718323227753;2105,23
1863,7729852941177;1516,54
1189,0321911764709;2066,84
1603,5390625000002;1538,53
7367,850284313722;5655,74
2010,144343137255;2271,31
1389,0525980392158;1384,88
6558,204224264707;6733,92
1607,3106960784316;1513,83
4136,786789215686;4364,2
5743,736134803919;8463,71
1998,261382051282;2110,32
1065,3772205882356;1527,42
7552,086301470586;7983,83
1310,4304411764701;1387,39
7070,684884803922;7219,01
2080,7046687405723;1935,73
1738,1110588235292;1915,69
2793,243058823529;2548,31
2901,535110294119;3224,16
1838,381225490196;2053,27
858,6718602941176;1362,12
1065,6811691176472;2373,04
1200,3077843137255;1436,79
3041,5557205882383;3744,25
2065,130845211161;1739,61
5611,101610294118;7776,99
5547,623948529412;5851,07
1474,3011911764702;1342,25
6527,729077205876;8812,54
6591,522400735293;6595,95
7113,440767156864;7416,04
1966,4355;2059,37
2013,7333820512818;2104,17
1435,7251176470572;1677,46
1563,4409264705885;1563,66
5760,434333333334;8466,42
1464,5328198529412;1640,2
480,2473480392157;1367,23
1022,2299411764695;2145,24
2084,4708452111618;2208,66
1667,452653883861;1456,71
978,2299411764695;2063,76
1343,5655362368027;1705,95
1664,751220588235;1332,17
1461,4631911764704;1263,6
1464,5328198529412;1399,28
5824,738811274508;4477,56
1061,477598039216;1229,22
1101,2802794117645;1567,46
2046,7631470588233;2075,0
1888,675264705883;2192,72
1432,4825147058825;1131,08
1187,677524509804;1307,88
2668,6944117647067;2732,34
1701,989215686275;2131,42
1414,1614901960781;1523,55
1901,1410539215683;1888,17
1940,2288235294113;1675,41
2671,660110294119;2700,7
2186,292705882353;1817,48
2367,2737863876314;1997,66
1578,2576024886876;1334,36
1577,85075735294;2461,38
1135,0701372549017;1389,07
1271,0606029411765;1508,67
918,4971323529412;1472,68
2646,385176470587;1832,53
1188,351642156863;1153,9
1416,3809852941176;1144,2
1416,3809852941176;1319,32
2041,4663235294115;3334,65
2573,214019607844;2247,82
6069,604034313721;5830,7
1990,6767275641023;1583,55
1914,3123137254904;1864,1
7579,324536764707;7671,22
1571,5738529411765;1273,35
1563,810845211162;1950,55
1974,3525436651585;1701,69
2396,4543529411762;1849,05
2328,566823529412;2136,36
1321,9609313725487;1583,59
1602,0871319004518;1312,2
6056,727563725491;5855,29
2573,214019607844;2858,64
1745,4157715309195;1768,99
6028,620799019608;4489,91
1385,3487904411759;1442,94
1176,6845588235296;1388,25
1774,588617647058;2176,99
2011,4246274509803;1725,59
1453,8228308823527;1402,8
2187,061973039216;2187,83
8571,015676470586;8837,24
2386,613786387632;1904,58
2305,118259803922;2108,42
7082,790767156865;6963,17
1457,3366911764697;1784,29
1500,0356960784316;1331,0
1260,9062132352944;2124,48
1296,1701960784312;1378,94
1679,2616024886875;1344,62
2031,418323227753;1905,35
4145,9567892156865;4113,17
