478,68427758718275;446,979
335,9242000000005;305,962
1266,3710693624662;1219,22
3582,5909215605493;3494,52
327,4723372717111;253,797
628,2959999999949;509,104
242,74620993738074;190,957
248,22727193177803;248,479
466,32499999999595;444,065
1483,3568270347655;1454,18
294,28320287927977;282,722
209,94659755683944;182,28
459,4509999999965;457,451
460,32499999999595;446,717
232,41841210813627;195,888
342,44900000000035;248,314
254,74247350945237;243,833
323,5501918823165;296,364
4316,510991942663;4392,68
187,8632000000001;186,054
253,70799895717604;233,677
3309,1052225937233;3274,92
224,82324636428933;211,6
242,74620993738074;178,019
419,6055079043356;405,486
601,9425221106997;535,447
337,5527941575418;321,204
271,3098236851064;266,638
2827,39211345547;2783,54
323,45121272693524;246,182
262,7762;231,369
310,3353019455168;288,664
266,1947339397205;266,031
236,81232228549206;222,845
1520,4038723947544;1475,69
503,48184319180615;384,173
141,2111259757548;125,574
1901,0048883750812;1789,98
423,71553484535406;433,039
269,9349116573913;255,27
169,5090701914058;150,166
309,48640810795933;294,169
262,06601770524185;255,227
641,2336163440744;317,522
144,61697185215638;125,993
280,77291661569564;267,186
508,0114261995264;515,96
376,38312178005253;329,732
210,52709745356424;184,754
320,43944385488294;271,585
290,07269674192617;274,729
591,9608552979421;564,088
218,0746804944473;213,123
2287,3222003177243;2224,72
225,39897877151418;213,096
352,99138233435013;279,252
1944,3260905973575;1902,79
447,2950841413648;442,365
299,8491655213509;260,621
1472,4038723947544;1429,75
255,45121272693524;214,899
187,8632000000001;156,205
312,5938680763917;273,512
202,21008826909312;155,808
285,583486639645;302,235
503,48184319180615;420,837
298,4384339397204;317,542
188,3432280682225;177,939
376,07887207817294;331,115
286,71234447365384;242,765
361,9229487430734;362,356
287,4798003854261;279,838
593,0511102951259;211,266
163,64953928822598;152,787
399,3353019455168;336,024
2910,586462346454;2813,93
337,4467862888134;337,694
2571,9553779716216;2533,16
264,23361634407445;257,116
616,8996859962085;567,883
214,07534636428935;199,83
3245,6663145140315;3276,24
238,4723372717111;220,744
300,8205967419261;287,416
376,07887207817294;317,772
305,95672631742184;199,742
590,2371077231138;476,727
326,48507359831734;312,787
504,1033311492632;430,039
256,36682881856296;255,081
222,44900000000035;211,581
220,58692806822245;196,668
2971,39211345547;2975,1
202,21008826909312;195,734
329,79750122817154;295,609
2828,9501440302065;2780,57
570,5292929631953;222,254
296,88159352007233;253,101
265,90959161949036;265,97
223,13437184049832;231,726
433,160544911848;392,313
479,07234070156835;430,706
384,55945020076143;363,86
2909,5438358132947;2869,16
307,8209833122779;293,713
1122,3710693624662;1135,52
339,3075724176928;327,068
280,99138233435013;257,949
1563,3568270347655;1501,64
423,3983378425617;304,731
146,11697087176321;126,892
278,13771138303616;266,188
252,0283;251,05
296,88159352007233;267,551
869,7080265057359;790,509
627,6163942970838;546,866
202,84805498210275;178,816
2158,5415243465736;2201,41
479,07234070156835;450,222
177,1153000000001;159,299
455,45521272693344;343,571
460,6804835043325;441,631
311,56849674192614;315,95
394,7680842149301;403,293
592,2880776740742;536,471
617,651337271711;241,889
628,0114261995263;556,551
412,3058788193916;351,525
592,4184121081363;242,299
633,4076314250523;553,356
1285,6222003177345;1217,31
368,0664030389577;362,962
143,33179141996558;134,618
318,0404688545015;315,622
166,34940000000026;166,661
1952,593193466072;1931,86
1126,0822003177361;1090,99
376,3363211043047;270,545
478,82060345755235;444,1
608,3873957122759;472,49
412,2255640179476;375,513
282,52929296319536;176,67
281,94659755683944;193,63
141,2111259757548;137,005
228,74736723665998;220,131
425,6055079043356;430,294
419,76597725935244;416,101
544,3873957122759;449,513
255,23305316866106;251,09
394,55854663447707;326,736
4172,510991942663;4155,0
162,8040156660287;156,442
622,2371077231137;557,229
334,40420000000006;339,79
423,3983378425617;339,129
177,09730000000025;159,551
235,57114636428932;238,221
308,2411206126152;316,382
3981,814940331678;3981,36
3837,814940331678;3812,89
165,82208374800453;152,159
422,49684824888624;348,656
263,93016057488353;256,732
276,6574916194903;251,339
546,5090701914058;168,023
249,8140236851064;233,151
534,5270308331706;422,343
215,23539702132908;199,403
286,0267370101555;210,86
277,26242393674147;200,063
352,99138233435013;287,212
500,2557627410201;414,323
342,3377241808055;259,183
246,33772418080548;233,703
342,0651485814483;335,368
585,4509999999965;466,24
505,9110100266394;393,12
368,1037101833954;376,777
246,44900000000035;231,004
221,9880041902554;220,761
687,5328707005694;360,984
373,5229601589101;350,175
594,4184984328263;261,817
258,5839029166194;164,801
549,7869822487345;555,943
402,5629402705096;405,281
487,45521272693344;418,728
264,9723985565079;218,106
290,9831234660701;289,078
309,48640810795933;311,149
2491,1041866144083;2465,78
348,9765099734124;340,321
325,1763000000005;323,996
2972,9501440302065;2933,21
194,5469090049504;172,476
1126,0822003177361;1129,36
306,9954001934217;232,833
370,37153059597193;383,826
252,0283;236,141
173,16510165629205;160,858
501,6163942970838;481,017
304,3363211043047;292,704
348,1946862888134;322,273
2875,39211345547;2798,29
543,916873108065;526,999
534,1834748761235;474,844
419,45521272693344;341,141
459,4509999999965;440,92
382,36682881856296;295,027
331,8491655213509;283,565
274,28765912116785;241,568
283,4796758691652;280,106
2876,9501440302065;2919,66
466,32499999999595;457,254
617,141459330572;289,801
240,7823287214281;221,142
346,67210000000046;365,69
290,9831234660701;244,013
547,0723407015684;472,541
383,6395112347247;354,487
341,92800000000017;345,54
199,54477004668612;202,181
1141,6222003177345;1118,25
287,40539161949033;256,484
264,9723985565079;253,103
255,33961105573127;241,854
545,0734356748183;425,78
154,85038831473005;127,142
201,63857184049834;202,155
361,9229487430734;347,961
287,1135438635559;282,014
397,107653291568;399,482
225,98329702132907;201,402
434,1834748761235;393,458
2488,832946883677;2446,32
421,26672155426684;343,532
449,6055079043356;405,887
283,4796758691652;241,374
537,9110100266394;468,255
370,37153059597193;347,081
173,3190918310686;124,203
241,84340000000066;242,155
273,3301258620144;245,473
3646,5909215605493;3686,21
302,2324879281807;283,415
135,01288287584472;107,284
2631,733310611131;2580,18
262,9943777152662;253,24
489,4509999999965;485,142
282,24459097911193;266,982
466,52703083317056;423,363
356,4618752597063;320,859
257,651337271711;233,556
280,99138233435013;243,372
180,59934365877152;151,563
375,16083628038564;309,507
2571,1041866144083;2470,4
490,8864124733422;477,911
2235,099718283773;2188,48
265,90959161949036;251,632
1222,6961420436787;1104,36
356,5229601589101;349,562
342,44900000000035;218,601
2907,39211345547;2925,11
466,52703083317056;403,028
313,37461942982895;330,011
275,3026612728611;274,969
545,0734356748183;468,103
2878,586462346454;2921,29
1142,6961420436787;1095,09
226,73147193177806;203,349
323,5501918823165;341,897
327,4406555263455;284,472
2488,832946883677;2465,14
330,2388681823677;312,258
190,58390291661942;124,549
193,52709745356424;172,229
164,06560904890654;123,291
3885,7248271272474;3815,9
238,22378668528196;237,676
198,0657837480045;170,696
2631,647380594442;2621,4
256,05299737054656;242,875
173,3190918310686;137,844
419,03828739048737;417,197
545,6055079043356;476,303
172,3805945316278;160,454
546,6798362907691;188,304
941,371531937149;814,458
3885,814940331678;3972,31
422,49684824888624;316,38
241,26242393674147;191,1
215,40179000195218;186,37
139,0734374574552;105,778
198,61110000000008;185,863
329,7823287214281;223,384
637,3792127269326;522,366
597,4076314250523;555,384
327,53287070056945;301,949
166,34940000000026;152,796
432,2557627410201;388,281
367,5527941575418;353,783
338,08340000000055;338,395
565,4076314250523;525,007
350,59683689991294;312,586
1890,3613986285388;1854,84
216,13849580974522;199,991
240,14145933057208;221,306
2147,43621285236;2190,42
472,1033311492632;446,69
276,94263393972045;275,362
3311,0522003177357;3343,28
364,6571027152629;380,405
468,4019848545838;396,436
432,2557627410201;398,347
190,91050497938897;175,727
170,11522131628334;173,409
3247,0522003177357;3208,46
2195,43621285236;2119,73
423,4406555263455;349,859
1514,9819249935301;1462,06
412,96649954215394;390,729
1901,0048883750812;1842,38
306,9954001934217;239,188
464,0869999999989;346,857
328,88159352007233;254,457
164,06560904890654;152,443
239,6823153001072;231,892
352,1932061203213;246,356
218,8861095099889;188,415
434,52703083317056;392,845
2487,733310611131;2447,2
2191,3222003177243;2210,92
384,55945020076143;377,008
258,6798362907692;152,366
2491,9553779716216;2474,05
224,66301234437495;216,868
254,2392127269345;209,832
241,08642586201447;241,796
733,5229601589101;409,726
637,9425221106997;579,897
196,871879554191;189,451
457,26672155426684;399,364
215,40179000195218;210,081
617,141459330572;273,083
794,6772003177294;784,054
311,70895773460654;299,517
226,8863958097452;212,03
1626,3089358563561;1576,3
543,7869822487345;538,862
408,55945020076143;405,295
1965,004888375081;1879,8
346,7539603467652;346,955
2295,192200317741;2286,49
153,64630000000028;153,571
460,8864124733422;441,648
398,9142520262807;324,338
437,9110100266394;406,849
348,8313000000005;347,562
523,1169708717632;143,087
487,78293555362757;375,99
356,4044727172892;349,692
258,32271197066893;245,767
302,0543918823165;275,834
2205,002200317733;2128,46
329,94161505462756;259,83
1531,3568270347655;1484,38
322,5015454035666;331,844
235,9171265958187;157,504
326,55854663447707;256,661
623,7812127269339;568,792
272,24548167502536;256,007
333,26867519022466;326,653
441,3122100803167;376,685
669,3792127269326;604,849
358,9425862888134;368,251
464,0869999999989;382,754
210,74620993738074;169,893
262,06601770524185;262,522
337,6090360186806;350,202
4316,510991942663;4341,18
376,3058788193916;332,901
300,7745014268731;267,562
211,5469090049504;187,367
663,9596373571294;341,604
664,4798003854261;289,95
569,216869568969;235,978
216,33772418080548;201,158
235,17390634527325;189,501
260,88142065825207;246,141
2206,5415243465736;2128,34
1270,082200317736;1184,5
328,05299737054656;240,359
627,6163942970838;505,488
299,00435498695987;285,467
376,3058788193916;316,09
396,1436918206778;405,38
224,82324636428933;226,779
286,36682881856296;274,37
248,38219580974518;245,33
2205,002200317733;2230,17
240,7823287214281;234,27
489,6372127269342;425,032
2143,3222003177243;2179,25
274,70078199783364;257,837
3213,6663145140315;3134,54
2536,832946883677;2520,68
341,7319734457342;245,454
253,70799895717604;228,188
322,5015454035666;296,584
3167,0522003177357;3245,85
3310,532200317744;3283,51
330,32271197066893;258,152
216,44900000000035;214,449
507,6931931944292;466,943
281,23361634407445;256,817
317,9480564984681;246,96
262,06601770524185;230,333
235,17390634527325;219,738
2493,354574942471;2469,61
223,61386841944616;216,25
300,7745014268731;297,329
501,1623191278723;381,175
396,1436918206778;358,19
301,0057454035666;286,986
423,06682762869633;432,61
409,3122100803167;303,839
282,24459097911193;282,787
260,1262000000006;250,537
225,39897877151418;226,79
209,94659755683944;196,053
375,1623191278723;364,335
397,107653291568;371,706
640,9301605748835;314,86
789,7080265057359;777,809
507,6931931944292;446,562
492,4160481275742;460,082
136,1127465236853;114,311
319,5121432179178;271,186
404,14696768117494;390,084
357,28639463714825;337,304
468,4019848545838;411,667
2299,309366499864;2210,16
353,2641354469956;278,663
569,9425221106997;524,842
1954,3613986285386;1874,71
407,855553291568;409,92
511,07234070156835;467,053
163,11697087176321;133,363
217,41849843282625;197,777
365,29538803170374;347,891
302,5748644037171;303,827
490,32499999999595;446,876
311,824223880597;270,748
172,3805945316278;175,101
201,11022462125257;151,806
176,56998374800452;159,534
213,59595498210274;213,999
215,99600000000072;201,456
285,11433603815703;297,679
733,5229601589101;403,725
372,67084874307335;360,76
338,08340000000055;323,408
511,07234070156835;447,944
501,1623191278723;416,085
394,38741123472465;421,288
298,1532916194903;317,215
285,33961105573127;243,248
2491,1041866144083;2445,99
140,69491781898225;142,309
1507,4312071693946;1507,61
344,0664030389577;334,462
2151,192200317741;2110,61
398,9142520262807;336,102
2573,354574942471;2529,51
2909,5438358132947;2811,89
532,0114261995263;518,459
3502,5909215605493;3474,53
412,96649954215394;375,55
334,40420000000006;334,34
210,57221272693317;166,802
264,23361634407445;241,809
218,18651530010723;217,579
3245,1052225937233;3266,22
186,5090701914058;150,337
304,4184121081363;198,633
585,5992127269325;473,395
254,98810447761198;241,005
281,9480564984681;238,35
249,94805649846808;226,737
508,0114261995264;483,732
324,28320287927977;302,21
163,90387931386925;156,75
266,0149194754659;267,774
419,03828739048737;401,671
223,13437184049832;196,096
2972,9501440302065;2980,11
139,0646211317197;122,076
201,11022462125257;200,769
586,324999999996;516,315
241,08642586201447;226,854
569,216869568969;216,063
1285,6222003177345;1172,75
276,94263393972045;251,837
249,3783000000006;235,874
281,9480564984681;228,511
289,4293440045212;273,227
445,5229601589101;339,786
221,9880041902554;223,307
309,9142520262807;290,949
648,8996859962085;579,613
1530,3089358563564;1527,69
213,59595498210274;182,303
2907,8905007111894;2865,65
280,77291661569564;282,324
1552,4038723947544;1496,06
423,5508902775651;302,065
272,24548167502536;240,707
466,6804835043325;456,472
145,37396886610807;134,043
446,79903087347424;348,556
310,9251440045212;315,504
710,5968368999129;338,273
549,916873108065;556,139
569,3792127269326;524,609
590,2371077231138;535,614
617,9416150546276;241,745
628,2959999999949;555,574
234,41849843282625;209,431
412,38312178005253;351,043
307,8209833122779;297,772
593,0511102951259;233,955
314,2029525793338;314,547
1286,6961420436787;1211,98
240,65133727171101;233,694
368,1639999999981;363,173
2151,192200317741;2184,29
245,17346691394135;239,889
315,40526362184204;315,368
190,89067184049836;175,973
251,83432586201445;236,809
1944,3260905973575;1948,43
375,9596373571294;269,508
217,1872618014235;210,263
1808,5931934660723;1838,74
281,21686956896895;175,527
348,8313000000005;322,982
139,0646211317197;103,49
419,78293555362757;342,96
585,9608552979421;561,797
337,4467862888134;322,741
399,26457274550415;326,422
617,5992127269324;558,029
423,5508902775651;338,499
236,73119702132905;234,392
254,0267370101555;210,483
307,18269799583715;293,178
262,1903747632936;152,819
422,26867519022466;348,489
545,7459247827958;166,348
2158,5415243465736;2140,35
533,160544911848;420,076
209,26242393674147;166,997
353,2641354469956;287,377
341,9960000000007;245,38
259,906836290769;184,652
245,99600000000072;232,066
543,916873108065;538,336
2571,9553779716216;2579,52
187,84520000000023;176,02
254,0267370101555;223,943
123,39589980493781;105,401
478,82060345755235;493,09
502,1834748761235;392,219
163,9171265958187;146,771
842,6772003177294;772,483
367,3953823033223;375,195
324,62202552439317;311,901
421,2402127269348;360,942
419,6055079043356;400,951
245,73197344573416;230,178
323,45121272693524;216,622
223,31143866855757;216,641
373,4044727172892;366,39
593,9567263174218;260,662
478,79903087347424;388,501
262,6341097224341;254,744
263,9111087049861;217,689
288,6725534484361;285,108
348,53514301921626;339,419
357,28639463714825;322,681
306,18726180142346;231,721
370,3271000000005;382,964
215,73197344573416;201,242
378,55945020076143;378,01
350,26867519022466;311,714
534,5270308331706;466,643
174,4930000000002;159,495
338,0664030389577;335,718
256,38088944967114;212,317
2155,309366499864;2114,55
276,3656438635559;275,224
256,36682881856296;240,585
281,49913174735997;274,919
2157,002200317733;2117,21
382,6341097224341;292,268
225,39897877151418;203,512
3502,631400346334;3478,32
201,8156386685576;183,195
615,4723372717111;290,169
263,99138233435013;242,199
197,29124533494235;124,454
288,6725534484361;242,418
547,2172477804216;470,385
556,2880776740742;476,265
383,41874874307337;353,647
256,1708715500725;241,562
1800,3260905973575;1835,71
287,1135438635559;255,541
263,9111087049861;251,554
425,03828739048737;403,663
153,75052466688948;117,294
216,4362645542285;186,585
228,27821663517202;214,38
451,2727084973778;468,669
384,65278055512977;376,713
286,0505612728611;280,851
601,3792127269326;558,365
327,5962520262806;302,158
466,8864124733422;471,86
449,76597725935244;405,976
281,49913174735997;237,988
534,1834748761235;466,507
370,3271000000005;346,506
280,3430677465732;275,998
321,3125061947618;330,307
355,45121272693524;285,635
273,5241;245,48
287,3363211043047;268,241
601,3792127269326;535,974
376,4597744352909;303,589
2631,647380594442;2576,1
444,07887207817294;331,591
254,98810447761198;256,089
300,8205967419261;274,791
335,92800000000017;323,663
330,2393036738162;254,171
2568,832946883677;2466,79
490,6804835043325;477,748
2231,192200317741;2176,76
219,4861448942372;188,728
3501,7522003177382;3460,78
384,7278650703554;377,267
341,7319734457342;219,003
2908,9501440302065;2918,98
313,37461942982895;323,396
389,6372127269342;342,558
523,7812127269339;480,764
3165,1052225937233;3124,49
374,76222868536865;326,48
296,6676218307973;265,981
210,52929296319536;184,046
543,2950841413648;461,291
291,30649188231655;290,333
322,5015454035666;340,351
396,4019848545838;374,166
326,48507359831734;282,786
166,34940000000026;152,67
237,62375130103365;233,796
198,61110000000008;169,715
193,52709745356424;174,832
239,06612368510642;223,693
151,9590259757548;144,053
545,7659772593524;475,07
938,6772003177294;809,877
338,127830595972;323,814
348,87573059597196;350,416
422,26867519022466;316,885
2199,192200317741;2218,93
1530,3089358563564;1493,91
314,2029525793338;300,03
177,1153000000001;153,718
329,14145933057205;223,047
633,4076314250523;519,749
273,51801492537317;255,918
365,92800000000017;352,863
327,3353019455168;317,088
112,64799980493783;118,913
3214,532200317744;3134,18
210,74620993738074;167,607
230,0012210592771;222,621
182,43596127299054;167,912
344,07887207817294;304,545
2974,586462346454;2942,45
373,3122100803167;333,181
301,7018020638382;267,851
172,3805945316278;163,814
508,0114261995264;497,644
255,75774867340667;241,359
3309,6663145140315;3350,64
262,36682881856296;264,987
280,1932061203213;256,368
227,704846317702;214,015
239,6823153001072;207,573
3245,6663145140315;3202,82
210,74620993738074;181,971
303,9596373571294;266,028
422,48507359831734;344,308
1895,2275736007061;1837,24
464,0664030389577;344,623
306,18726180142346;235,483
378,7278650703554;362,132
236,14687877151417;233,781
350,4328912890106;244,906
226,8863958097452;226,498
310,5962520262806;303,483
177,09730000000025;154,889
3165,1052225937233;3245,92
265,6177438635559;248,894
366,0651485814483;326,589
733,4044727172892;407,916
3215,0522003177357;3137,41
286,9596373571294;267,954
166,19037476329362;129,872
637,3792127269326;579,973
2827,39211345547;2886,91
669,916873108065;597,641
355,24885699271874;334,173
573,916873108065;571,645
615,4723372717111;266,672
1959,227573600706;1874,76
1627,3568270347655;1569,9
408,88531105269027;404,559
345,0885355510838;346,303
161,86170186772677;133,654
2291,43621285236;2285,05
336,0651485814483;336,461
510,68427758718275;466,947
383,8252984794649;347,588
281,2641354469956;257,56
487,45521272693344;371,17
215,23539702132908;214,959
329,7823287214281;259,912
304,4597744352909;266,618
408,7278650703554;397,723
322,3163967419261;330,953
387,78293555362757;342,111
233,61697185215638;154,333
524,2880776740742;480,646
624,2880776740742;561,62
280,77291661569564;270,596
342,76222868536865;296,932
444,3058788193916;375,828
290,25784540356665;290,211
665,4076314250522;602,584
217,99540019342172;210,582
464,0664030389577;383,695
510,68427758718275;446,644
163,64953928822598;151,74
260,1262000000006;262,514
334,97383078602115;344,488
299,00435498695987;298,275
663,1608362803856;338,204
664,3363211043047;289,962
387,78293555362757;357,698
3215,0522003177357;3270,26
252,0283;226,62
569,9465975568394;213,524
837,7080265057359;771,238
357,837482865454;337,619
241,26242393674147;167,785
462,0651485814483;395,285
543,916873108065;521,848
4220,510991942663;4151,03
234,13943179299693;188,774
499,0734374574552;131,33
319,5121432179178;307,951
547,0723407015684;436,668
286,2392127269345;235,272
242,14377886720735;212,908
161,61697185215638;132,977
395,5926035923721;406,249
286,6341097224341;274,152
367,8491655213509;260,351
246,3190463642893;245,153
350,49684824888624;325,116
487,78293555362757;419,349
256,1708715500725;258,668
171,12292421014953;162,644
338,1639999999981;323,363
640,9913823343502;306,203
502,0114261995264;498,192
255,33961105573127;240,639
342,3377241808055;243,048
441,3122100803167;383,709
322,3163967419261;297,553
286,2392127269345;218,062
210,57221272693317;180,55
329,651337271711;253,813
394,38741123472465;407,835
1520,4038723947544;1512,1
378,55945020076143;362,889
3167,0522003177357;3122,96
218,0746804944473;203,922
322,0267370101555;246,698
260,1262000000006;229,555
2535,733310611131;2460,75
234,13943179299693;207,598
1858,3613986285388;1813,32
440,5143945023285;416,766
3166,532200317744;3238,92
395,5926035923721;357,579
422,13150743468873;432,434
211,0734374574552;103,959
339,3075724176928;322,615
287,45121272693524;235,467
215,99600000000072;213,996
246,23475676546317;214,6
260,5619236851064;244,417
2535,647380594442;2555,73
291,0909677465732;292,14
640,1932061203213;313,231
410,79903087347424;366,472
232,41841210813627;206,248
318,0404688545015;270,626
591,7812127269339;515,616
403,4982604645172;388,642
242,14377886720735;237,079
1626,3089358563561;1575,59
251,31811770524183;236,287
287,45121272693524;226,552
353,23361634407445;278,577
176,56998374800452;178,063
4252,510991942663;4327,98
1821,04283537091;1782,65
276,72885316866103;279,184
366,23070822571134;368,906
356,4044727172892;340,195
241,32271197066893;218,715
2535,733310611131;2561,59
337,93196481194514;339,504
490,8864124733422;445,546
466,8864124733422;457,009
310,5516906302492;270,16
299,3028270634568;282,387
579,0723407015684;515,107
394,38741123472465;369,5
200,16791082295063;151,422
399,8491655213509;332,444
209,83902806822246;214,334
284,54096572068704;292,248
733,4044727172892;403,104
394,1666487430733;419,966
523,9171265958187;176,652
3981,7248271272474;4052,69
421,6372127269342;377,164
328,0163185557205;294,062
234,1872618014235;209,142
297,86144386355585;317,313
522,2371077231138;472,023
246,23475676546317;242,626
252,59130000000064;238,627
2907,8905007111894;2804,55
2539,9553779716216;2465,74
241,08642586201447;224,937
3246,532200317744;3268,12
348,87573059597196;322,549
198,59310000000022;191,885
264,23361634407445;245,238
421,6372127269342;359,621
337,5527941575418;322,406
305,05111029512585;198,623
249,3783000000006;251,028
2541,354574942471;2574,14
302,2818361607847;284,493
732,3602448702674;671,525
261,4328912890106;240,759
386,35975329156804;371,027
265,5457688739779;267,493
265,29124533494235;161,369
221,9880041902554;194,776
134,1437998049378;137,908
200,16791082295063;170,086
355,24885699271874;321,479
586,8864124733423;513,912
258,32271197066893;220,654
3165,6663145140315;3123,51
239,05299737054656;217,857
189,74430419025543;191,425
569,9465975568394;211,136
1286,6961420436787;1168,43
344,3058788193916;298,42
223,31143866855757;218,287
445,4044727172892;340,208
479,07234070156835;437,056
209,83902806822246;182,805
2907,39211345547;2868,69
338,7564841893871;322,238
304,3363211043047;280,809
1539,4312071693946;1485,53
1482,3089358563564;1497,51
389,26672155426684;359,617
282,52929296319536;208,056
423,4406555263455;301,076
716,8996859962085;657,554
170,90683629076898;150,976
310,55926290033733;294,136
845,371531937149;775,412
215,23539702132908;200,311
344,3058788193916;313,794
420,2021592924372;345,424
309,7522549869599;311,862
549,5992127269325;490,435
842,6772003177294;806,62
710,4968482488862;335,104
585,5992127269325;531,121
158,58390291661942;122,949
617,782328721428;241,046
627,6163942970838;554,388
410,76222868536865;341,913
1603,4312071693944;1517,07
1266,3710693624662;1200,37
384,7606186734725;363,853
367,5527941575418;361,737
173,16510165629205;165,13
337,5527941575418;337,134
1954,3613986285386;1890,98
375,16083628038564;269,248
336,7189465449576;339,02
145,37396886610807;136,78
281,94659755683944;175,821
134,1437998049378;108,019
465,4509999999965;471,513
756,4019848545838;433,909
216,33772418080548;199,575
186,67983629076917;157,803
330,2388681823677;330,074
174,41895547890917;148,881
3311,0522003177357;3335,02
398,2393036738162;316,749
459,25203629337324;407,177
215,41841210813627;208,641
517,5992127269325;472,824
200,49220419025542;186,223
423,4406555263455;335,111
594,9954001934217;256,457
260,06560904890654;161,055
250,4302153001072;267,928
192,10015498210277;177,597
299,00435498695987;273,178
362,1437112347247;363,71
555,7812127269339;475,377
287,4597744352909;279,83
446,79903087347424;373,811
546,6798362907691;165,955
2827,8905007111894;2889,81
530,2409784571273;417,074
241,28040000000001;225,404
353,23361634407445;286,912
2238,5415243465736;2142,69
263,93016057488353;244,475
258,50907019140584;184,375
517,5992127269325;487,577
384,88531105269027;376,982
2573,354574942471;2579,53
669,9425221106997;611,526
185,14533928822595;175,153
440,5143945023285;403,655
1221,6222003177345;1179,13
502,52703083317056;390,484
366,3225275109443;370,111
338,2448491911408;301,309
246,33772418080548;223,872
317,9480564984681;215,96
592,4184121081363;257,294
191,0677386685576;190,135
523,9171265958187;167,765
287,61413083165803;272,467
347,8268151391432;337,282
339,3075724176928;342,221
348,1946862888134;347,619
253,71557122726418;243,668
1869,04283537091;1790,23
173,45482597575477;166,356
460,6804835043325;445,488
301,0057454035666;276,125
1483,3568270347655;1492,14
274,07504567482084;260,205
331,26457274550415;272,645
306,41849843282625;231,026
306,9954001934217;200,56
375,1623191278723;359,453
369,69048628881336;382,979
310,74620993738074;187,038
1869,0048883750812;1875,13
533,160544911848;466,14
332,9737739856457;318,349
222,44900000000035;202,449
502,0114261995264;482,294
299,3028270634568;267,166
254,74247350945237;209,93
382,9943777152662;289,1
507,6163942970838;496,61
280,4499878224312;254,599
379,4019848545838;372,552
444,4160481275742;436,26
616,0529973705466;277,882
502,1834748761235;443,94
591,9608552979421;596,62
263,99138233435013;247,049
323,45121272693524;252,958
335,92800000000017;333,928
287,61413083165803;242,109
546,6842775871828;468,579
382,36682881856296;315,504
286,36682881856296;278,037
228,74736723665998;231,412
286,0505612728611;254,699
144,27410521826752;135,351
261,93056458318085;247,319
294,28320287927977;294,439
297,5508902775651;283,17
423,71553484535406;385,019
225,98329702132907;226,427
450,5317729731714;459,323
235,9171265958187;130,026
284,82294567482086;278,686
240,14145933057208;218,641
372,67084874307335;347,762
618,3227119706689;295,097
462,2409784571273;386,466
449,0734356748183;404,677
280,4499878224312;233,949
534,5270308331706;467,756
224,66301234437495;212,948
369,69048628881336;345,769
302,2818361607847;269,317
321,0194779518294;325,036
349,9480564984681;287,391
1965,0428353709099;1931,09
300,28320287927977;291,867
376,4798003854261;303,819
504,1033311492632;462,928
280,93016057488353;256,695
311,70895773460654;295,549
441,3122100803167;331,312
383,48184319180615;386,243
2567,733310611131;2466,73
489,4509999999965;476,373
2227,43621285236;2177,82
226,73147193177806;226,841
464,38739571227586;416,52
342,3377241808055;217,118
1800,3260905973575;1784,78
313,0069909530575;320,737
151,44281781898223;132,708
756,4019848545838;426,13
2541,354574942471;2537,75
418,603453291568;445,829
547,906836290769;217,017
249,3783000000006;226,023
466,1834748761235;389,025
121,83087858138815;102,543
356,4618752597063;336,225
324,28320287927977;281,637
2830,586462346454;2806,68
322,3163967419261;340,049
210,43265389509799;165,587
459,4509999999965;443,839
236,81232228549206;233,27
764,3602448702673;643,311
342,0651485814483;323,446
293,80605226564984;284,748
303,5508902775651;293,637
545,0734356748183;475,286
933,7080265057359;797,22
384,7606186734725;349,052
117,56882113171972;100,795
289,4293440045212;289,353
312,8022918823165;311,247
302,2818361607847;300,963
327,4723372717111;222,425
4172,510991942663;4142,1
362,9737739856457;340,343
478,68427758718275;428,234
464,38739571227586;430,928
229,21671393461284;219,357
241,84340000000066;225,805
2973,5438358132947;2936,66
264,2641354469956;245,102
421,98448405456736;403,654
300,1772440045212;299,356
524,2880776740742;493,089
532,0114261995263;532,237
251,83432586201445;227,837
3309,1052225937233;3340,7
228,27821663517202;229,336
225,98329702132907;209,396
242,57221272693317;167,966
3549,7522003177382;3576,62
236,14687877151417;207,539
200,35619906222772;202,524
210,43265389509799;199,794
3245,1052225937233;3202,27
384,7278650703554;390,438
420,28320287927977;328,533
1888,5931934660723;1839,22
464,1639999999981;343,824
306,41849843282625;235,076
298,2393036738162;258,123
237,47937193177805;231,75
286,0267370101555;235,587
243,19292279213613;213,051
149,81252113171968;127,501
425,0734356748183;417,579
139,0646211317197;111,004
2829,5438358132947;2783,73
586,324999999996;506,924
646,4831912271341;601,839
350,59683689991294;326,106
255,75774867340667;247,953
368,0869999999989;325,947
508,29599999999493;512,582
164,06560904890654;127,395
252,59130000000064;227,599
1530,3089358563564;1453,2
227,704846317702;217,515
669,7869822487345;597,359
573,7869822487345;572,936
616,0529973705466;257,126
1952,593193466072;1867,31
1616,4038723947542;1557,41
408,65278055512977;404,023
646,4831912271341;579,7
2287,3222003177243;2292,28
191,0677386685576;176,019
123,39589980493781;106,035
286,16083628038564;279,765
352,99138233435013;246,938
291,30649188231655;276,287
478,79903087347424;357,808
324,62202552439317;299,68
329,14145933057205;259,509
408,55945020076143;397,982
321,67304400452116;326,388
338,08340000000055;321,552
374,76222868536865;297,812
235,11697087176321;158,731
622,2371077231137;562,855
3837,814940331678;3941,18
444,38312178005253;370,549
313,8741255243932;297,367
262,9943777152662;241,726
333,26867519022466;315,341
464,1639999999981;381,694
297,4406555263455;295,952
260,5619236851064;258,399
419,45521272693344;373,376
233,9567263174218;209,18
276,72885316866103;298,49
663,9596373571294;289,379
256,36682881856296;242,595
149,81252113171968;112,574
464,0869999999989;391,629
174,4930000000002;159,659
498,83087858138816;142,577
174,39743928822597;176,506
318,0404688545015;305,458
263,3271456748209;263,11
1562,3089358563564;1532,12
419,45521272693344;358,0
475,6931931944292;430,263
547,2172477804216;436,313
616,8996859962085;568,539
247,27727768442116;215,424
2536,832946883677;2560,8
1869,0048883750812;1836,7
286,9943777152662;272,811
362,55854663447707;260,015
201,8156386685576;177,23
247,47909702132904;240,578
300,7745014268731;283,155
487,45521272693344;408,918
2491,1041866144083;2544,34
350,26867519022466;339,86
641,2641354469956;301,099
136,19037476329362;128,278
221,73197344573416;209,883
376,5751246564987;384,675
341,9960000000007;241,83
2635,9553779716216;2649,47
198,59310000000022;205,325
177,09730000000025;176,664
329,94161505462756;252,565
394,1666487430733;406,114
246,8081270829332;245,293
296,88159352007233;257,167
303,16083628038564;280,078
355,45121272693524;235,386
1472,4038723947544;1449,29
322,2392127269345;227,329
260,5619236851064;228,573
166,36740000000012;166,679
254,98810447761198;246,171
394,7680842149301;354,196
421,26672155426684;360,081
210,83087858138816;106,038
251,31811770524183;250,757
311,70895773460654;314,13
287,69053393972047;291,62
419,76597725935244;403,909
638,4328912890106;310,072
1141,6222003177345;1145,8
547,0723407015684;492,204
335,92800000000017;318,465
367,8491655213509;302,027
2875,8905007111894;2872,03
315,40526362184204;269,112
592,2880776740742;512,519
422,2324879281807;353,732
299,26457274550415;270,1
402,5629402705096;387,381
326,2324879281807;322,113
302,2324879281807;306,005
309,9142520262807;287,19
1627,3568270347655;1585,58
3917,7248271272474;3832,71
352,93016057488353;278,545
190,58390291661942;146,784
188,64513176404452;159,981
399,26457274550415;283,727
274,08710000000065;277,343
554,2371077231138;511,5
304,4798003854261;281,208
116,48297242808354;120,012
329,0891733480985;327,239
241,32271197066893;221,848
490,6804835043325;445,68
325,1763000000005;312,174
308,2411206126152;267,01
579,2172477804215;513,644
394,1666487430733;370,923
394,55854663447707;335,472
212,38647184049833;213,463
283,4796758691652;288,886
256,6341097224341;242,077
3646,631400346334;3628,81
554,2371077231138;491,21
845,371531937149;815,889
175,9223523915747;160,052
1459,4312071693946;1428,75
521,6169718521564;171,049
3981,814940331678;4047,76
2828,9501440302065;2801,69
3550,631400346334;3620,05
296,79846127286106;319,796
234,41849843282625;219,512
216,9567263174218;195,449
1856,5931934660723;1785,73
1174,0822003177361;1117,14
181,54165745707346;136,53
2907,39211345547;2807,56
2491,9553779716216;2455,11
421,98448405456736;422,33
340,8810733589409;353,904
195,89323928822594;191,632
328,88159352007233;279,463
185,74592478279575;157,897
284,0449539559559;269,262
190,89067184049836;176,876
348,9765099734124;300,453
373,4044727172892;349,063
286,36682881856296;245,441
664,3602448702674;605,067
238,6304000000006;223,301
264,9723985565079;263,84
258,5839029166194;151,126
223,31143866855757;194,071
234,1872618014235;219,569
1863,2275736007061;1787,34
586,6804835043325;514,337
397,107653291568;384,882
614,4831912271341;558,889
1266,3710693624662;1163,59
328,88159352007233;262,706
1459,4312071693946;1443,09
239,05299737054656;220,704
314,4284000000005;297,809
122,07343745745523;100,444
333,59683689991294;317,053
1856,5931934660723;1854,94
1189,6222003177345;1139,97
664,3602448702674;626,52
212,38647184049833;181,866
2908,9501440302065;2865,86
245,17346691394135;231,435
311,2675907804104;314,128
1546,9819249935301;1466,11
422,48507359831734;299,492
340,8810733589409;304,111
281,21686956896895;208,027
2203,309366499864;2156,63
714,4831912271341;654,309
210,52709745356424;173,712
430,2409784571273;390,443
710,2686751902247;334,266
191,69501210405323;185,809
3837,7248271272474;3802,53
255,4723372717111;230,415
617,141459330572;239,282
169,5090701914058;163,344
406,2448491911408;330,873
422,59683689991294;359,703
338,7564841893871;327,388
1610,98192499353;1496,15
1270,082200317736;1173,0
268,8764890406133;263,646
365,92800000000017;356,911
359,623630595972;362,104
2491,9553779716216;2549,32
275,3026612728611;261,502
326,55854663447707;272,76
218,18651530010723;201,285
173,45482597575477;155,941
394,4365890943928;376,038
2157,002200317733;2195,78
408,7278650703554;366,744
263,3271456748209;249,151
173,3190918310686;146,869
508,29599999999493;497,878
1466,9819249935301;1427,31
396,88159352007233;298,189
250,4302153001072;221,383
3309,6663145140315;3329,48
594,1872618014235;251,765
422,48507359831734;332,204
215,41841210813627;194,679
163,64953928822598;168,637
246,89477877151415;266,793
299,8491655213509;254,546
638,4328912890106;260,525
192,94659755683944;171,684
142,8984000000003;143,21
331,8491655213509;272,275
532,2557627410201;409,398
255,45121272693524;210,684
352,93016057488353;287,342
419,0734356748183;416,262
2237,002200317733;2133,17
449,03828739048737;439,156
257,7459247827958;183,972
669,3792127269326;611,155
2571,1041866144083;2576,68
187,3178837480045;173,342
189,74430419025543;176,492
299,8491655213509;268,768
2878,586462346454;2801,97
1222,6961420436787;1168,28
669,916873108065;593,526
186,67983629076917;172,603
372,8916112347247;347,651
501,160544911848;389,911
465,160544911848;400,994
364,6571027152629;368,801
335,9242000000005;344,941
245,99600000000072;219,472
322,0267370101555;213,483
593,0511102951259;242,939
173,45482597575477;141,739
2291,43621285236;2272,4
344,0664030389577;323,113
684,8996859962085;601,139
504,7278650703554;439,724
521,6169718521564;165,83
346,7539603467652;334,905
3501,7522003177382;3591,76
175,14210000000026;164,997
399,5962520262806;293,606
941,371531937149;867,507
306,18726180142346;200,228
305,95672631742184;229,862
256,9943777152662;254,868
138,83087858138816;105,588
310,5722127269331;185,573
877,371531937149;816,446
465,4509999999965;442,094
275,0684104746051;275,023
176,43596127299054;160,375
530,2409784571273;465,698
664,4597744352909;329,318
432,2557627410201;390,005
136,19037476329362;117,683
187,90683629076898;172,829
1190,6961420436787;1110,36
253,70799895717604;204,792
238,6304000000006;238,942
469,9110100266394;389,351
168,74592478279575;162,318
337,93196481194514;328,066
502,52703083317056;443,585
571,5469090049504;194,148
585,9608552979421;567,138
579,0723407015684;467,04
1170,3710693624662;1162,89
317,9480564984681;257,213
543,6931931944292;466,624
382,6341097224341;308,79
286,6341097224341;277,906
2155,099718283773;2189,31
385,4093258901302;349,68
260,88142065825207;231,944
284,82294567482086;254,016
466,6804835043325;442,947
423,06682762869633;384,32
163,9171265958187;127,737
233,61697185215638;129,255
312,8022918823165;316,698
617,651337271711;296,023
310,74620993738074;214,381
447,2950841413648;403,019
431,70414133319866;438,197
533,160544911848;467,612
197,90635410646732;199,601
320,43944385488294;324,382
354,0267370101555;276,132
376,3363211043047;302,761
417,2950841413648;418,073
242,74620993738074;168,889
499,0734374574552;115,625
444,3058788193916;330,93
3550,631400346334;3570,45
284,0449539559559;288,123
301,83886774657316;305,05
601,9425221106997;520,45
406,2448491911408;315,083
260,06560904890654;137,169
378,88531105269027;363,677
296,48507359831734;279,601
2567,647380594442;2464,67
2223,3222003177243;2173,85
425,76597725935244;417,245
261,4328912890106;254,564
286,9596373571294;264,47
341,9960000000007;217,529
312,5938680763917;316,915
285,583486639645;246,65
437,9110100266394;387,376
172,9386178189822;168,553
640,9913823343502;268,132
385,4093258901302;384,361
546,5090701914058;208,124
209,64814677043373;164,421
235,17390634527325;226,309
312,8022918823165;280,661
293,43842378887837;286,208
4252,510991942663;4236,85
265,6177438635559;251,349
543,2950841413648;475,461
311,7536454035666;310,703
324,95085257933374;299,601
2827,39211345547;2805,08
376,38312178005253;299,095
134,06560904890654;119,877
328,05299737054656;221,593
1122,3710693624662;1093,25
2487,733310611131;2464,05
193,52929296319536;172,497
262,6341097224341;242,351
221,99600000000072;210,464
227,95904361313458;210,516
301,83886774657316;272,464
3981,7248271272474;4044,75
326,35089376003907;294,309
171,12292421014953;159,326
394,4365890943928;396,15
457,2402127269348;387,016
335,69875257933376;304,8
256,53850002684396;242,537
237,47937193177805;207,222
209,64814677043373;197,015
3246,532200317744;3200,85
463,5527941575418;342,019
305,95672631742184;235,615
1562,3089358563564;1456,17
764,3602448702673;699,981
237,6342958097452;229,301
249,8140236851064;249,395
492,4160481275742;430,779
144,8916998049378;144,911
421,98448405456736;407,385
200,49220419025542;177,754
376,07887207817294;300,5
586,8864124733423;508,081
196,871879554191;199,975
1122,3710693624662;1104,4
291,30649188231655;273,61
368,0664030389577;325,916
512,3873957122759;451,497
206,43596127299054;164,176
257,651337271711;220,31
616,8996859962085;582,615
303,5508902775651;304,861
1944,3260905973575;1871,59
1603,4312071693944;1557,56
384,65278055512977;362,618
407,48184319180615;403,444
338,9737739856457;330,937
2299,309366499864;2249,17
2487,647380594442;2441,03
303,9596373571294;280,276
353,2641354469956;246,779
573,916873108065;559,253
286,16083628038564;264,699
241,28040000000001;241,592
170,90683629076898;163,713
423,2950841413648;429,469
327,3353019455168;288,662
327,4723372717111;255,367
1895,2275736007061;1785,65
434,1834748761235;387,015
408,88531105269027;398,88
112,64799980493783;103,588
524,4160481275742;428,674
617,5992127269324;561,765
2227,43621285236;2218,15
350,59683689991294;340,156
146,9171265958187;139,437
3549,7522003177382;3472,86
276,72885316866103;248,563
442,76222868536865;366,057
311,2675907804104;299,499
389,26672155426684;341,862
3646,631400346334;3688,64
463,5527941575418;377,562
274,08710000000065;289,429
663,1608362803856;287,014
2877,5438358132947;2881,88
264,5547612728611;249,496
434,1834748761235;404,077
274,07504567482084;250,534
511,2172477804216;431,857
383,8252984794649;362,642
144,8916998049378;121,714
464,0664030389577;386,912
384,7278650703554;363,713
189,65283465791072;160,273
344,1639999999981;334,519
249,94805649846808;213,721
315,40526362184204;302,92
206,43596127299054;193,896
556,2880776740742;511,503
304,4597744352909;281,681
386,35975329156804;369,28
546,6842775871828;433,396
210,57221272693317;168,712
329,79750122817154;330,251
286,71234447365384;271,395
367,26457274550415;259,407
170,11522131628334;159,269
478,79903087347424;384,327
200,95623444647603;192,368
641,2336163440744;300,527
378,7278650703554;365,561
2302,5415243465736;2236,46
556,2880776740742;491,871
297,5508902775651;280,627
376,02403642819297;379,913
2637,354574942471;2646,31
323,65630000000004;323,724
1285,6222003177345;1218,33
190,91050497938897;161,27
256,9943777152662;240,834
1858,3613986285388;1838,6
1170,3710693624662;1122,24
329,7823287214281;252,769
349,9480564984681;239,788
1221,6222003177345;1162,57
382,36682881856296;262,347
240,14145933057208;233,592
3885,814940331678;3921,21
2155,309366499864;2184,08
425,03828739048737;430,241
182,43596127299054;161,565
488,2021592924372;423,373
3502,631400346334;3594,93
615,9608552979421;567,388
393,5550659479426;353,062
383,6395112347247;395,136
478,82060345755235;488,199
330,2393036738162;279,739
269,9349116573913;239,354
465,4509999999965;456,357
256,6341097224341;255,245
614,4831912271341;581,69
287,40539161949033;291,34
189,65283465791072;183,28
547,2172477804216;492,728
594,9954001934217;221,444
215,73197344573416;215,029
362,55854663447707;303,982
412,2255640179476;409,913
234,99540019342172;219,99
590,2371077231138;510,65
1869,0048883750812;1790,65
423,3983378425617;350,896
327,3983378425617;321,616
1616,4038723947542;1582,81
3917,814940331678;3832,09
352,1932061203213;277,793
387,45521272693344;346,815
669,916873108065;549,587
1863,2275736007061;1862,61
398,2393036738162;279,761
151,44281781898223;129,799
273,3301258620144;276,974
310,55926290033733;300,785
2191,3222003177243;2165,93
211,5469090049504;174,232
489,4509999999965;444,414
221,73197344573416;223,824
307,18269799583715;260,171
355,45121272693524;270,757
578,6842775871828;512,39
393,5550659479426;402,701
399,26457274550415;334,193
303,4406555263455;282,079
211,2401041902554;213,608
281,49913174735997;287,771
3645,7522003177382;3634,64
464,2557627410201;415,492
257,14145933057205;231,273
523,1169708717632;168,167
295,5708456748208;313,131
280,93016057488353;242,904
180,59934365877152;136,121
367,8491655213509;292,037
153,64630000000028;130,17
246,8081270829332;231,687
2908,9501440302065;2807,77
304,4798003854261;292,692
2875,8905007111894;2799,9
171,12292421014953;173,514
797,371531937149;776,522
456,2021592924372;349,283
340,5880451160085;351,019
464,2557627410201;399,673
198,0657837480045;196,035
377,48184319180615;376,234
378,55945020076143;364,262
274,70078199783364;242,795
2875,39211345547;2912,27
2203,099718283773;2182,01
348,53514301921626;299,897
328,0163185557205;309,804
286,6341097224341;244,872
287,3363211043047;264,819
256,71234447365384;239,464
321,3125061947618;313,909
2147,43621285236;2107,13
281,23361634407445;243,66
585,4509999999965;510,684
343,5527941575418;345,455
1270,082200317736;1151,45
263,93016057488353;241,655
214,6510787715142;217,636
346,67210000000046;361,541
335,9242000000005;336,83
388,2021592924372;343,022
199,09112806822247;202,377
122,07343745745523;100,892
253,71557122726418;240,11
274,28765912116785;274,366
233,29124533494235;139,393
211,2401041902554;181,616
420,28320287927977;297,653
340,5880451160085;304,785
281,94659755683944;204,863
230,0012210592771;187,235
212,56353866855758;193,621
329,0891733480985;311,333
241,28040000000001;226,247
388,2021592924372;358,121
288,2564549869599;270,991
136,1127465236853;107,551
512,3873957122759;427,549
505,9110100266394;428,098
359,623630595972;328,92
794,6772003177294;755,845
3213,1052225937233;3229,87
278,13771138303616;281,797
422,49684824888624;359,594
344,0869999999989;348,323
362,9737739856457;349,823
359,5792000000005;361,235
3582,631400346334;3617,94
144,27410521826752;132,929
366,87941544236907;369,355
135,01288287584472;129,276
408,55945020076143;365,989
488,2021592924372;430,451
346,67210000000046;322,741
246,44900000000035;204,932
356,4618752597063;357,58
1189,6222003177345;1113,68
246,89477877151415;222,277
141,2111259757548;126,258
378,79903087347424;340,01
348,87573059597196;335,495
313,8741255243932;314,243
230,0012210592771;238,514
240,94161505462756;233,692
3309,1052225937233;3339,25
687,5328707005694;352,045
569,9425221106997;519,831
420,28320287927977;321,203
189,74430419025543;175,902
346,4466525793337;365,209
215,41841210813627;197,181
1190,6961420436787;1164,09
597,4076314250523;535,335
248,22727193177803;263,779
597,4076314250523;518,761
394,4365890943928;380,708
166,36740000000012;151,52
192,94659755683944;173,899
242,57221272693317;191,542
352,1932061203213;282,506
269,5951677465732;249,927
2235,099718283773;2128,96
466,8864124733422;443,464
449,6055079043356;439,452
287,4597744352909;270,308
258,6798362907692;181,736
877,371531937149;770,613
142,19037476329362;136,3
569,9425221106997;537,286
2568,832946883677;2573,21
665,4076314250522;605,078
187,8632000000001;168,331
1202,3710693624662;1162,17
669,7869822487345;593,803
498,2409784571273;387,547
335,69875257933376;344,136
322,2392127269345;212,835
389,6372127269342;348,124
370,2448491911408;323,372
209,21686956896897;182,51
215,98357193177807;217,382
175,14210000000026;146,482
344,38312178005253;302,957
2287,3222003177243;2272,78
682,4831912271341;596,454
504,55945020076143;435,574
389,2402127269348;343,236
191,69501210405323;176,35
523,1169708717632;165,603
257,94161505462756;243,096
121,83087858138815;101,789
251,40500120963014;239,01
2199,192200317741;2125,26
345,0885355510838;331,967
464,38739571227586;430,014
254,2392127269345;224,217
283,7519257130235;272,897
323,65630000000004;299,183
399,53287070056945;293,746
172,9386178189822;157,981
370,2448491911408;308,466
938,6772003177294;860,301
304,4184121081363;228,632
419,76597725935244;400,891
2195,43621285236;2214,46
874,6772003177294;806,951
309,26242393674147;185,338
240,57021770524184;226,306
532,2557627410201;451,957
378,65278055512977;360,259
1546,9819249935301;1493,49
664,4798003854261;328,769
309,9142520262807;302,801
234,41849843282625;196,951
2974,586462346454;2998,08
445,5229601589101;372,474
501,160544911848;443,196
570,5270974535642;192,306
579,2172477804215;466,557
322,0267370101555;249,627
218,8861095099889;216,219
378,88531105269027;376,741
540,1033311492632;460,871
278,4328912890106;254,288
228,93441530010722;212,229
588,4160481275742;481,309
286,9943777152662;274,372
382,9943777152662;305,136
338,1639999999981;336,164
138,83087858138816;125,228
336,0651485814483;324,106
422,13150743468873;383,972
235,11697087176321;129,219
256,6341097224341;240,317
376,3058788193916;299,637
3501,7522003177382;3478,38
710,5968368999129;386,287
312,9084000000001;313,22
264,2641354469956;241,71
262,36682881856296;243,022
2635,9553779716216;2637,37
310,5722127269331;212,739
404,14696768117494;353,741
430,9632058089923;437,879
530,2409784571273;468,256
549,7869822487345;537,468
354,2392127269345;251,528
4252,510991942663;4175,8
375,9596373571294;303,085
498,83087858138816;120,151
444,38312178005253;327,905
298,4384339397204;305,556
373,3122100803167;316,64
579,0723407015684;517,576
1901,04283537091;1885,71
2235,309366499864;2149,39
275,0684104746051;257,672
311,824223880597;311,549
2155,099718283773;2132,19
3981,7248271272474;3991,87
641,2641354469956;267,453
2875,39211345547;2867,06
253,71557122726418;255,654
507,6931931944292;430,321
545,7459247827958;209,363
332,9737739856457;322,768
122,07343745745523;110,421
208,39047644895547;163,028
412,07887207817294;337,172
502,0114261995264;486,572
384,88531105269027;363,108
234,13943179299693;219,332
293,0253009122126;281,282
311,7536454035666;281,339
341,92800000000017;335,791
419,0734356748183;400,292
3502,5909215605493;3463,07
259,906836290769;178,974
311,56849674192614;309,858
356,4044727172892;334,134
314,4284000000005;314,74
333,26867519022466;310,821
376,5751246564987;327,475
302,43596127299054;202,096
193,52929296319536;173,847
336,7189465449576;321,544
226,9513407192684;201,221
298,4384339397204;271,78
3981,814940331678;4039,04
210,52709745356424;196,567
1520,4038723947544;1447,24
144,27410521826752;146,674
2878,586462346454;2885,82
275,3026612728611;250,038
511,07234070156835;432,658
457,26672155426684;386,624
335,3699255243932;304,474
278,74620993738074;195,951
237,6342958097452;206,63
208,39047644895547;193,105
425,76597725935244;429,939
181,9223523915747;161,144
461,92800000000017;340,601
368,54507713759153;333,349
555,7812127269339;514,463
304,4184121081363;231,632
1563,3568270347655;1447,03
257,79235384946105;217,582
507,6163942970838;482,176
341,3122100803167;305,323
235,57114636428932;223,829
586,6804835043325;506,462
368,1639999999981;324,958
204,4930000000002;162,73
256,53850002684396;247,558
445,5229601589101;387,795
1954,3613986285386;1853,61
324,62202552439317;323,506
1610,98192499353;1525,43
405,1623191278723;397,869
383,6395112347247;384,292
215,98357193177807;202,767
281,9480564984681;212,589
310,53287070056945;303,602
3885,7248271272474;3935,84
353,23361634407445;246,612
573,7869822487345;559,057
684,8996859962085;569,473
797,371531937149;761,665
264,5547612728611;247,78
648,8996859962085;566,316
328,05299737054656;251,03
1888,5931934660723;1780,22
408,65278055512977;399,761
286,16083628038564;267,283
544,3873957122759;419,864
262,1903747632936;133,692
2223,3222003177243;2223,41
396,4019848545838;357,234
251,40500120963014;253,607
1808,5931934660723;1787,08
438,2448491911408;341,664
300,28320287927977;280,836
257,79235384946105;268,0
3645,7522003177382;3687,18
710,5968368999129;373,99
146,9171265958187;125,984
696,3602448702674;645,386
461,92800000000017;373,759
370,37153059597193;394,435
338,0869999999989;336,087
273,3301258620144;300,002
117,58283607592412;106,364
412,96649954215394;413,903
182,641521104914;170,342
669,9425221106997;557,616
387,45521272693344;343,871
464,1639999999981;386,432
504,7278650703554;387,081
522,2371077231138;481,616
330,32271197066893;265,908
278,13771138303616;270,462
338,2448491911408;302,857
265,9809531686611;258,453
290,07269674192617;289,847
142,19037476329362;121,584
711,9608552979421;633,52
523,7812127269339;474,071
165,82208374800453;152,18
543,6931931944292;433,892
2195,43621285236;2166,22
192,21686956896897;174,024
285,33961105573127;260,501
366,2393036738162;256,284
387,45521272693344;357,433
222,44900000000035;224,055
543,7869822487345;521,301
303,5508902775651;282,648
640,9301605748835;301,808
1965,0428353709099;1935,62
2301,002200317733;2233,04
261,33961105573127;250,288
449,03828739048737;449,818
375,199517050751;379,411
462,2409784571273;419,227
2635,1041866144083;2636,51
1286,6961420436787;1217,47
329,14145933057205;255,548
272,24548167502536;269,97
532,2959999999949;518,605
151,9590259757548;127,61
2571,1041866144083;2528,04
344,3058788193916;304,61
1800,3260905973575;1767,85
1222,6961420436787;1156,18
354,0267370101555;231,655
382,6341097224341;260,787
304,4597744352909;292,644
1821,04283537091;1800,58
170,11522131628334;161,649
188,3432280682225;193,01
489,2402127269348;425,3
444,4160481275742;436,704
284,0449539559559;273,823
716,8996859962085;655,096
502,29599999999493;500,296
383,41874874307337;395,528
504,7278650703554;427,269
2205,002200317733;2190,97
287,1135438635559;287,611
209,26242393674147;180,872
224,82324636428933;201,951
421,2402127269348;345,277
687,3353019455168;361,36
687,5962520262806;312,476
546,6842775871828;487,988
594,1872618014235;217,933
623,7812127269339;514,055
378,88531105269027;361,14
367,26457274550415;303,403
585,5992127269325;508,357
281,2641354469956;243,489
941,371531937149;852,556
216,13849580974522;201,68
344,07887207817294;312,831
344,1639999999981;345,749
327,5508902775651;321,33
423,5508902775651;350,539
310,3353019455168;303,199
333,59683689991294;311,187
466,1834748761235;423,914
1603,4312071693944;1570,61
263,3271456748209;247,86
425,0734356748183;403,002
350,4328912890106;276,645
669,7869822487345;549,431
274,70078199783364;273,712
396,88159352007233;273,189
128,3167211317197;104,879
326,9142520262807;302,01
326,2324879281807;315,796
273,5241;273,169
186,5090701914058;172,543
226,8863958097452;201,939
1170,3710693624662;1108,08
349,9480564984681;277,541
459,25203629337324;464,278
575,6931931944292;514,692
373,5229601589101;366,755
3885,814940331678;3812,03
398,2393036738162;325,553
212,56353866855758;209,992
280,4499878224312;258,646
3646,5909215605493;3630,25
1174,0822003177361;1144,55
262,36682881856296;254,262
216,44900000000035;200,333
1821,0048883750812;1778,57
3213,6663145140315;3225,5
365,29538803170374;365,929
3165,6663145140315;3141,23
342,0651485814483;349,546
240,65133727171101;218,675
362,55854663447707;294,786
161,61697185215638;126,606
2238,5415243465736;2240,13
543,2950841413648;427,422
350,49684824888624;311,986
1466,9819249935301;1477,41
378,79903087347424;354,485
366,23070822571134;354,062
457,2402127269348;348,826
340,00801101906205;343,215
206,43596127299054;178,785
198,61110000000008;192,495
357,28639463714825;356,605
228,93441530010722;203,472
218,18651530010723;202,756
347,8268151391432;298,073
286,9943777152662;244,653
265,90959161949036;249,21
257,14145933057205;242,961
321,0194779518294;312,536
2191,3222003177243;2119,53
412,2255640179476;390,522
1189,6222003177345;1172,65
283,5469090049504;206,349
346,4466525793337;355,633
1821,0048883750812;1796,46
335,69875257933376;336,918
218,0746804944473;187,899
2203,309366499864;2191,43
1507,4312071693946;1470,35
226,58390291661942;136,531
226,64355646618017;228,533
212,56353866855758;179,939
268,8764890406133;249,298
340,00801101906205;300,405
1202,3710693624662;1098,6
466,32499999999595;472,812
221,73197344573416;201,324
229,21671393461284;185,444
239,6823153001072;239,544
313,0069909530575;327,621
344,38312178005253;298,207
151,44281781898223;153,049
333,49684824888624;311,18
479,2172477804216;437,114
216,4362645542285;210,481
261,93056458318085;215,78
502,1834748761235;426,502
359,5792000000005;329,329
337,93196481194514;321,225
257,651337271711;243,058
2203,099718283773;2124,84
422,26867519022466;359,434
3247,0522003177357;3152,57
358,9425862888134;358,481
145,37396886610807;148,221
374,76222868536865;313,291
211,0734374574552;115,557
3581,7522003177382;3623,05
175,9223523915747;160,207
117,58283607592412;120,324
181,9223523915747;168,072
408,88531105269027;365,436
489,2402127269348;433,209
2535,647380594442;2510,08
346,4466525793337;319,823
245,73197344573416;204,254
234,1872618014235;197,024
293,80605226564984;299,166
262,9943777152662;264,618
248,22727193177803;221,54
162,70692597575479;150,608
1815,2275736007061;1771,75
229,21671393461284;236,497
3310,532200317744;3321,44
687,3353019455168;350,561
1626,3089358563561;1529,0
165,29124533494235;122,984
346,11782552439314;364,971
240,94161505462756;218,676
248,38219580974518;262,217
219,4861448942372;217,582
376,38312178005253;317,146
217,41849843282625;195,378
615,9608552979421;599,769
350,4328912890106;282,621
2231,192200317741;2130,54
460,32499999999595;458,325
296,6676218307973;293,515
139,0734374574552;116,207
176,56998374800452;154,351
512,3873957122759;425,106
874,6772003177294;762,256
199,54477004668612;187,174
300,1772440045212;286,31
274,28765912116785;258,305
449,76597725935244;439,83
165,29124533494235;136,746
2567,733310611131;2570,55
302,43596127299054;177,701
327,53287070056945;317,373
3213,1052225937233;3139,14
1206,0822003177361;1140,69
214,6510787715142;202,995
2206,5415243465736;2234,17
386,35975329156804;387,119
500,2557627410201;383,779
293,80605226564984;246,937
3214,532200317744;3261,66
2539,1041866144083;2528,26
210,43265389509799;206,33
383,48184319180615;361,425
240,57021770524184;223,402
457,6372127269342;400,109
172,9386178189822;146,253
2299,309366499864;2231,6
504,88531105269027;434,732
263,1932061203213;244,42
588,4160481275742;455,376
304,3363211043047;266,113
224,66301234437495;226,557
399,3353019455168;293,178
933,7080265057359;825,364
305,05111029512585;215,363
162,70692597575479;130,146
296,2324879281807;295,698
301,7018020638382;300,48
869,7080265057359;787,495
3166,532200317744;3123,59
302,0543918823165;287,646
135,01288287584472;110,863
664,3363211043047;328,367
2635,9553779716216;2589,24
478,68427758718275;437,975
209,21686956896897;196,195
1514,9819249935301;1435,16
2302,5415243465736;2289,31
251,40500120963014;243,708
510,68427758718275;430,267
2973,5438358132947;2998,15
194,5469090049504;187,258
445,4044727172892;372,341
1472,4038723947544;1487,98
498,2409784571273;438,41
162,8040156660287;133,889
142,8984000000003;128,044
570,5292929631953;191,707
578,6842775871828;466,397
322,2392127269345;243,181
168,74592478279575;150,043
376,4597744352909;314,429
382,71234447365384;304,165
342,76222868536865;310,231
608,3873957122759;472,012
283,5469090049504;212,082
3550,5909215605493;3569,48
286,71234447365384;274,192
213,59595498210274;205,708
502,29599999999493;481,286
186,67983629076917;150,009
407,855553291568;419,014
289,4293440045212;274,095
710,4968482488862;385,867
511,2172477804216;448,1
161,86170186772677;156,332
158,58390291661942;123,342
2637,354574942471;2633,06
332,9737739856457;333,623
309,26242393674147;208,871
294,55854663447707;259,205
403,4982604645172;353,7
383,8252984794649;383,434
211,5469090049504;196,285
532,2557627410201;462,4
1531,3568270347655;1450,49
372,8916112347247;360,747
376,5751246564987;363,37
297,4406555263455;282,807
215,40179000195218;195,775
375,16083628038564;301,767
460,8864124733422;457,298
278,4328912890106;265,804
442,76222868536865;325,381
158,58390291661942;137,249
366,0651485814483;357,478
298,1532916194903;304,788
211,0734374574552;124,428
163,9171265958187;134,669
579,2172477804215;518,801
1901,0048883750812;1876,76
338,0664030389577;321,515
508,29599999999493;483,494
187,90683629076898;150,803
180,4930000000002;183,288
412,3058788193916;303,043
287,3363211043047;279,605
310,5962520262806;288,13
310,5516906302492;310,363
2828,9501440302065;2884,46
368,54507713759153;387,087
233,29124533494235;126,776
641,2336163440744;264,234
2487,647380594442;2538,94
286,0267370101555;223,347
546,6798362907691;194,277
407,855553291568;377,15
207,38277355508927;162,633
409,3122100803167;341,886
136,19037476329362;117,788
311,56849674192614;279,841
292,2556567164179;280,749
218,8861095099889;203,453
297,3983378425617;295,73
281,23361634407445;269,533
2536,832946883677;2460,49
258,50907019140584;178,135
1810,3613986285388;1774,61
310,9251440045212;308,825
146,11697087176321;125,633
410,79903087347424;353,094
3167,0522003177357;3143,68
410,79903087347424;341,435
1482,3089358563564;1442,06
2829,5438358132947;2805,94
250,34657859285213;243,058
376,02403642819297;326,722
302,48507359831734;280,92
618,3227119706689;285,02
217,99540019342172;195,79
1459,4312071693946;1480,08
300,49300000000017;202,769
298,1532916194903;272,787
257,7823287214281;220,201
200,95623444647603;187,884
488,2021592924372;379,15
457,6372127269342;384,169
334,40420000000006;304,715
278,5722127269332;194,35
235,57114636428932;205,516
207,38277355508927;180,547
458,9737739856457;338,399
368,1037101833954;330,465
1552,4038723947544;1443,07
394,7680842149301;399,705
257,19231846521274;214,912
163,11697087176321;149,038
236,73119702132905;220,025
265,9809531686611;266,162
340,8810733589409;360,705
421,6372127269342;342,804
585,4509999999965;506,919
227,704846317702;229,038
1482,3089358563564;1460,33
367,5527941575418;324,453
296,48507359831734;283,449
303,3983378425617;282,785
444,3058788193916;383,523
321,67304400452116;293,554
205,9223523915747;163,19
445,4044727172892;387,728
383,41874874307337;383,547
235,9171265958187;150,662
255,23305316866106;238,477
3917,7248271272474;3975,44
2827,8905007111894;2785,28
682,4831912271341;564,256
299,26457274550415;254,912
310,53287070056945;288,039
269,5951677465732;266,699
1880,3260905973575;1782,18
407,48184319180615;396,948
260,06560904890654;137,374
2235,309366499864;2197,9
274,07504567482084;274,661
257,79235384946105;259,549
2877,5438358132947;2922,82
187,84520000000023;183,512
257,19231846521274;264,1
710,4968482488862;374,679
458,9737739856457;361,687
370,3271000000005;391,6
146,9171265958187;126,822
3646,631400346334;3703,4
273,5241;296,424
3214,532200317744;3217,51
549,5992127269325;473,687
290,25784540356665;275,93
344,0664030389577;345,6
181,54165745707346;168,231
265,9809531686611;231,713
3582,631400346334;3546,26
669,3792127269326;556,355
357,837482865454;322,834
463,5527941575418;383,638
337,4467862888134;320,428
504,55945020076143;386,258
425,76597725935244;403,522
381,1623191278723;376,184
263,33920000000063;258,804
1483,3568270347655;1434,01
312,9084000000001;297,07
540,1033311492632;429,663
355,24885699271874;352,631
364,88159352007233;255,252
307,8209833122779;308,913
190,58390291661942;127,142
117,58283607592412;107,813
684,8996859962085;628,25
200,35619906222772;187,511
640,1932061203213;299,603
2299,099718283773;2229,74
1965,004888375081;1923,74
163,90387931386925;147,119
449,6055079043356;449,052
664,3602448702674;612,211
336,0651485814483;321,664
373,98649878376347;373,154
2632,832946883677;2643,58
192,94659755683944;185,433
3215,0522003177357;3229,5
472,1033311492632;431,754
383,48184319180615;376,722
614,4831912271341;568,507
296,2324879281807;281,044
531,6163942970838;518,091
187,84520000000023;158,056
2568,832946883677;2529,49
140,06560904890654;142,689
354,2392127269345;229,312
1202,3710693624662;1149,22
382,9943777152662;258,72
264,2641354469956;256,964
2488,832946883677;2536,45
466,6804835043325;471,49
221,99600000000072;201,08
489,26672155426684;425,183
601,9425221106997;558,172
714,4831912271341;651,398
134,06560904890654;133,761
504,55945020076143;426,843
357,837482865454;356,598
286,0505612728611;286,651
201,63857184049834;185,618
686,9142520262807;357,881
687,5328707005694;312,427
543,6931931944292;488,169
594,4184984328263;217,47
624,2880776740742;511,207
366,2393036738162;294,38
257,7823287214281;243,271
300,1772440045212;274,732
938,6772003177294;845,022
327,4406555263455;318,63
1610,98192499353;1533,49
298,2393036738162;253,256
331,26457274550415;255,835
327,3983378425617;316,313
412,07887207817294;304,24
4220,510991942663;4267,32
272,8139177052418;272,695
1142,6961420436787;1140,75
344,38312178005253;313,25
696,3602448702674;609,012
117,56882113171972;100,315
585,9608552979421;578,911
233,9567263174218;196,931
2974,586462346454;2996,89
261,33961105573127;264,861
354,0267370101555;265,233
431,70414133319866;380,399
298,2393036738162;267,393
572,1033311492632;516,59
396,88159352007233;295,09
338,9737739856457;320,403
440,5143945023285;440,814
367,26457274550415;294,091
2237,002200317733;2231,62
162,70692597575479;143,739
326,9142520262807;316,041
2203,099718283773;2222,27
200,95623444647603;202,61
116,48297242808354;106,315
457,26672155426684;346,947
180,4930000000002;167,964
339,0807103820969;342,561
256,9943777152662;242,048
204,4930000000002;181,753
278,74620993738074;172,644
419,6055079043356;416,829
2535,733310611131;2523,99
234,99540019342172;197,454
338,0869999999989;321,621
262,6341097224341;264,735
2830,586462346454;2788,82
346,7539603467652;297,565
431,70414133319866;416,406
344,1639999999981;322,799
297,3983378425617;281,028
303,16083628038564;266,07
2493,354574942471;2452,47
320,43944385488294;310,95
272,8139177052418;244,438
3837,7248271272474;3817,85
282,52709745356424;205,042
287,4597744352909;264,899
346,11782552439314;354,811
2487,733310611131;2536,14
335,3699255243932;336,0
299,3028270634568;297,208
174,39743928822597;154,05
283,7519257130235;269,348
327,5962520262806;317,496
532,0114261995263;486,641
339,0807103820969;300,05
1206,0822003177361;1100,7
423,71553484535406;432,666
227,95904361313458;180,106
444,07887207817294;385,583
504,1033311492632;445,741
236,14687877151417;239,24
312,5938680763917;324,342
269,5951677465732;252,89
302,5748644037171;270,372
3213,1052225937233;3266,04
1466,9819249935301;1438,34
302,48507359831734;294,122
314,2029525793338;297,553
260,88142065825207;215,441
502,52703083317056;425,997
333,49684824888624;317,131
358,9425862888134;327,573
304,4798003854261;266,559
310,55926290033733;311,805
384,65278055512977;389,036
3245,6663145140315;3150,12
586,324999999996;468,991
417,2950841413648;404,142
511,2172477804216;467,2
210,83087858138816;111,617
3582,5909215605493;3616,98
224,34385498210273;220,991
408,65278055512977;364,926
489,26672155426684;430,355
2539,9553779716216;2541,8
346,11782552439314;320,287
3837,814940331678;3800,48
210,52929296319536;196,06
1507,4312071693946;1445,98
251,31811770524183;225,586
246,33772418080548;203,022
293,43842378887837;298,15
310,74620993738074;235,639
248,38219580974518;220,696
164,39420000000027;164,331
433,160544911848;385,081
227,95904361313458;228,045
379,4019848545838;357,218
396,4019848545838;390,144
686,9142520262807;350,709
1627,3568270347655;1523,65
345,1521;363,975
214,6510787715142;201,402
163,90387931386925;134,914
1514,9819249935301;1495,23
842,6772003177294;778,328
303,3983378425617;295,1
240,94161505462756;221,394
393,69565357018644;375,799
468,4019848545838;362,809
246,3190463642893;260,368
188,3432280682225;177,144
732,3602448702674;615,88
2227,43621285236;2123,23
449,0734356748183;439,638
256,71234447365384;241,937
185,74592478279575;149,744
869,7080265057359;757,245
300,49300000000017;177,206
362,1437112347247;347,896
2567,647380594442;2571,07
285,583486639645;288,063
373,4044727172892;335,456
216,05111029512585;194,83
165,82208374800453;167,485
254,2392127269345;212,176
294,55854663447707;254,862
293,43842378887837;245,889
437,9110100266394;393,502
733,5229601589101;361,163
384,7606186734725;383,352
633,4076314250523;578,966
845,371531937149;787,858
249,94805649846808;211,523
209,64814677043373;203,262
287,4798003854261;264,773
244,48515316866107;241,138
389,2402127269348;349,351
455,78293555362757;393,842
216,4362645542285;199,537
504,65278055512977;434,804
545,0382873904873;427,241
716,8996859962085;601,159
280,1932061203213;265,647
608,3873957122759;451,286
2535,647380594442;2456,56
283,17189161607706;267,642
1531,3568270347655;1517,28
291,0909677465732;286,103
294,55854663447707;270,212
646,4831912271341;562,767
398,9142520262807;292,928
164,39420000000027;133,079
245,17346691394135;214,181
1848,3260905973575;1813,56
266,1947339397205;252,187
182,43596127299054;183,21
233,05111029512585;205,103
202,21008826909312;184,301
663,9596373571294;329,277
2637,354574942471;2583,52
2301,002200317733;2283,97
255,4723372717111;218,443
4316,510991942663;4396,85
490,32499999999595;488,418
333,59683689991294;326,242
3502,5909215605493;3590,39
2971,8905007111894;3004,91
1141,6222003177345;1101,24
177,1153000000001;177,63
500,2557627410201;432,506
569,216869568969;189,114
256,71234447365384;252,813
575,6931931944292;462,47
243,19292279213613;236,709
128,3167211317197;101,8
376,4798003854261;310,501
219,4861448942372;205,503
381,33961105573127;289,267
282,52709745356424;208,913
285,33961105573127;271,768
281,2641354469956;269,37
2539,1041866144083;2462,68
2910,586462346454;2925,28
209,83902806822246;199,948
378,7278650703554;377,137
296,6676218307973;281,464
764,3602448702673;700,314
545,0382873904873;467,367
239,06612368510642;238,468
169,67983629076917;162,486
326,2324879281807;286,175
336,7189465449576;326,334
430,2409784571273;384,945
710,2686751902247;384,295
338,127830595972;338,504
263,99138233435013;256,728
2635,1041866144083;2630,33
215,98357193177807;201,045
402,5629402705096;351,818
257,94161505462756;220,303
303,4406555263455;305,123
475,6931931944292;445,323
547,906836290769;196,697
376,02403642819297;361,76
216,9567263174218;197,433
430,2409784571273;399,515
330,32271197066893;223,848
438,2448491911408;316,8
419,78293555362757;358,859
368,0869999999989;358,237
297,86144386355585;300,996
210,83087858138816;135,588
578,6842775871828;517,198
1895,2275736007061;1875,11
1869,04283537091;1847,11
161,61697185215638;143,065
134,1437998049378;110,946
837,7080265057359;763,726
323,65630000000004;311,659
301,7018020638382;284,616
524,4160481275742;467,085
350,49684824888624;339,846
412,38312178005253;302,946
3550,5909215605493;3473,99
308,2411206126152;300,581
368,1037101833954;384,781
226,64355646618017;216,473
2539,9553779716216;2578,0
226,58390291661942;126,816
640,9301605748835;263,914
389,26672155426684;349,363
283,7519257130235;285,219
421,2402127269348;380,184
197,90635410646732;189,148
378,65278055512977;363,484
797,371531937149;790,322
591,9608552979421;578,439
423,2950841413648;401,049
247,27727768442116;245,747
294,28320287927977;282,952
412,3058788193916;340,979
138,83087858138816;103,678
290,9831234660701;280,003
310,9251440045212;279,674
460,32499999999595;441,841
259,906836290769;153,643
257,7459247827958;173,719
320,50015498695984;325,172
309,7522549869599;307,449
333,49684824888624;326,457
375,199517050751;324,851
617,651337271711;278,207
161,86170186772677;140,738
348,9765099734124;356,018
301,9223523915747;200,771
217,99540019342172;198,6
366,87941544236907;349,083
255,33961105573127;253,903
232,41841210813627;219,481
297,86144386355585;269,376
1858,3613986285388;1774,68
399,5962520262806;325,202
2302,5415243465736;2296,78
554,2371077231138;475,433
489,2402127269348;378,251
233,29124533494235;157,215
197,29124533494235;146,364
455,78293555362757;381,572
302,43596127299054;205,44
425,6055079043356;403,401
277,26242393674147;181,117
236,73119702132905;204,561
1563,3568270347655;1526,49
2487,647380594442;2457,13
192,21686956896897;171,541
367,3953823033223;329,261
1539,4312071693946;1440,33
393,5550659479426;399,194
209,94659755683944;172,602
263,33920000000063;264,215
340,5880451160085;357,181
393,69565357018644;395,495
664,4597744352909;342,977
197,29124533494235;128,436
571,5469090049504;242,414
365,92800000000017;323,649
188,64513176404452;183,573
444,38312178005253;381,927
320,50015498695984;292,974
238,22378668528196;192,136
3582,631400346334;3493,39
154,85038831473005;140,682
3885,7248271272474;3974,93
233,61697185215638;147,416
242,14377886720735;221,948
3917,814940331678;3974,95
250,4302153001072;252,079
244,48515316866107;227,647
1126,0822003177361;1102,71
222,33772418080548;200,937
290,25784540356665;273,58
1890,3613986285388;1778,54
405,1623191278723;394,217
310,53287070056945;292,542
186,5090701914058;159,025
419,0734356748183;403,769
549,7869822487345;522,529
257,19231846521274;253,05
283,17189161607706;285,078
2157,002200317733;2133,63
185,14533928822595;183,711
256,38088944967114;267,399
710,2686751902247;374,027
3311,0522003177357;3277,9
199,09112806822247;187,25
377,48184319180615;363,499
369,69048628881336;389,443
499,0734374574552;131,56
3645,7522003177382;3697,89
272,8139177052418;293,491
330,2393036738162;268,759
154,85038831473005;110,04
240,57021770524184;240,999
180,59934365877152;166,003
238,22378668528196;226,643
263,33920000000063;232,258
3581,7522003177382;3540,49
665,4076314250522;546,687
434,52703083317056;384,939
461,92800000000017;384,77
504,88531105269027;385,826
246,23475676546317;229,599
262,58222586201447;257,529
356,5229601589101;333,84
640,9913823343502;319,324
192,10015498210277;176,429
217,1872618014235;197,555
366,23070822571134;349,14
262,71234447365384;264,339
321,3125061947618;274,157
434,52703083317056;403,351
682,4831912271341;623,013
173,16510165629205;175,453
711,9608552979421;636,657
341,92800000000017;320,406
615,9608552979421;611,143
638,4328912890106;293,915
2295,192200317741;2231,08
1959,227573600706;1923,11
449,76597725935244;444,193
254,0267370101555;213,061
2631,733310611131;2641,95
276,3656438635559;261,118
209,26242393674147;168,738
331,8491655213509;256,64
185,14533928822595;158,035
2567,733310611131;2521,28
388,2021592924372;350,245
2155,099718283773;2113,86
1206,0822003177361;1125,9
382,71234447365384;257,355
313,37461942982895;278,179
200,35619906222772;190,593
297,4406555263455;280,996
504,88531105269027;421,167
284,82294567482086;286,938
166,36740000000012;152,047
255,45121272693524;225,429
465,160544911848;386,607
687,3353019455168;311,306
263,1932061203213;256,752
540,1033311492632;489,002
593,9567263174218;214,565
622,2371077231137;510,131
364,88159352007233;287,895
399,5962520262806;336,607
238,4723372717111;231,515
381,1623191278723;386,566
933,7080265057359;821,637
241,84340000000066;227,905
326,48507359831734;314,019
290,07269674192617;272,69
280,3430677465732;262,787
310,3353019455168;290,927
591,7812127269339;479,575
327,5508902775651;312,681
270,87410000000057;269,004
216,33772418080548;213,048
249,8140236851064;224,931
466,52703083317056;386,912
2973,5438358132947;2992,62
354,2392127269345;253,075
430,9632058089923;379,919
571,5469090049504;226,495
382,71234447365384;286,507
3213,6663145140315;3265,15
303,4406555263455;294,523
378,79903087347424;345,461
224,34385498210273;239,39
615,4723372717111;237,562
418,603453291568;435,187
146,11697087176321;139,344
399,8491655213509;283,006
309,48640810795933;300,345
384,88531105269027;389,381
140,06560904890654;121,07
543,7869822487345;526,084
241,32271197066893;233,686
366,2393036738162;290,159
2235,099718283773;2226,6
164,39420000000027;143,496
228,93441530010722;226,897
877,371531937149;825,145
628,0114261995263;553,105
501,6163942970838;486,267
1815,2275736007061;1839,8
433,160544911848;404,448
457,6372127269342;346,068
151,9590259757548;132,811
350,26867519022466;325,152
337,6090360186806;337,834
396,1436918206778;404,244
205,9223523915747;177,496
278,5722127269332;170,375
241,26242393674147;173,99
412,07887207817294;351,984
345,0885355510838;297,411
637,9425221106997;559,557
594,4184984328263;251,577
430,9632058089923;415,1
1142,6961420436787;1111,95
300,8205967419261;299,336
366,0651485814483;367,137
270,87410000000057;243,223
1965,004888375081;1939,49
302,2324879281807;295,642
142,19037476329362;119,25
376,4597744352909;270,125
149,81252113171968;123,445
794,6772003177294;771,305
283,5469090049504;177,245
282,52929296319536;204,236
345,1521;354,322
199,54477004668612;190,021
423,2950841413648;417,166
375,1623191278723;373,557
265,29124533494235;141,708
181,9223523915747;183,469
532,2959999999949;485,839
373,5229601589101;335,267
337,6090360186806;296,398
507,6163942970838;511,929
623,7812127269339;561,329
261,33961105573127;241,497
418,603453291568;396,194
423,06682762869633;431,101
226,9513407192684;178,618
648,8996859962085;602,058
237,47937193177805;238,894
311,824223880597;321,365
301,0057454035666;299,929
239,05299737054656;231,69
263,1932061203213;241,605
255,23305316866106;227,681
537,9110100266394;423,544
278,74620993738074;202,596
321,67304400452116;337,592
501,160544911848;423,763
342,44900000000035;267,228
246,44900000000035;234,935
280,93016057488353;266,11
3245,1052225937233;3151,09
586,8864124733423;465,802
216,44900000000035;201,986
425,6055079043356;417,606
1856,5931934660723;1820,9
220,58692806822245;221,761
594,9954001934217;274,107
176,43596127299054;160,125
407,48184319180615;364,92
404,14696768117494;411,704
489,6372127269342;429,106
345,1521;320,522
789,7080265057359;752,307
257,14145933057205;220,078
300,28320287927977;305,277
245,99600000000072;202,885
293,0253009122126;293,989
2143,3222003177243;2119,95
266,0149194754659;219,055
162,19071781898222;161,54
226,9513407192684;202,74
2158,5415243465736;2120,95
362,1437112347247;346,012
168,74592478279575;148,515
419,78293555362757;376,292
310,5722127269331;232,722
246,3190463642893;218,706
532,2959999999949;526,648
379,4019848545838;363,228
1616,4038723947542;1517,47
2971,8905007111894;2933,98
3310,532200317744;3346,38
247,47909702132904;241,046
143,33179141996558;132,852
280,99138233435013;269,645
325,1763000000005;300,022
2541,354574942471;2462,04
1863,2275736007061;1828,59
2223,3222003177243;2123,17
447,2950841413648;438,72
1880,3260905973575;1828,21
228,74736723665998;214,97
301,9223523915747;177,573
142,8984000000003;127,204
285,11433603815703;288,411
2539,1041866144083;2565,49
617,9416150546276;291,8
569,3792127269326;516,609
191,0677386685576;174,8
222,33772418080548;212,401
216,05111029512585;197,214
293,0253009122126;245,168
733,4044727172892;360,403
2876,9501440302065;2866,13
310,5962520262806;294,522
182,641521104914;137,64
789,7080265057359;766,649
208,39047644895547;195,3
291,0909677465732;256,886
266,0149194754659;253,693
266,1947339397205;249,992
455,45521272693344;389,928
3917,7248271272474;3894,73
714,4831912271341;599,811
503,48184319180615;434,328
545,6055079043356;426,654
287,4798003854261;270,254
569,3792127269326;539,357
287,69053393972047;283,859
255,75774867340667;258,533
162,19071781898222;131,693
387,78293555362757;346,022
2155,309366499864;2103,1
326,35089376003907;323,508
201,63857184049834;178,081
285,11433603815703;246,506
3502,631400346334;3462,71
216,13849580974522;217,044
342,76222868536865;302,136
201,11022462125257;176,824
663,1608362803856;322,177
2635,1041866144083;2581,91
2299,099718283773;2283,22
837,7080265057359;796,674
490,8864124733422;487,514
250,34657859285213;239,383
2971,39211345547;2996,76
283,17189161607706;273,927
420,2021592924372;377,832
330,2388681823677;295,904
3550,5909215605493;3612,59
1821,04283537091;1849,57
569,9465975568394;188,794
572,1033311492632;460,094
182,641521104914;165,527
139,0734374574552;101,37
376,3363211043047;310,349
194,5469090049504;175,41
2571,9553779716216;2478,62
2238,5415243465736;2202,82
238,6304000000006;225,245
327,53287070056945;289,785
425,0734356748183;430,357
2909,5438358132947;2922,52
212,38647184049833;201,03
324,95085257933374;311,09
420,2021592924372;359,665
545,6055079043356;466,938
314,4284000000005;300,714
251,83432586201445;251,023
327,3983378425617;285,678
361,9229487430734;345,516
169,67983629076917;148,629
117,56882113171972;111,783
162,8040156660287;144,692
198,59310000000022;172,285
505,9110100266394;449,116
2632,832946883677;2623,0
378,65278055512977;376,219
233,9567263174218;219,376
1848,3260905973575;1784,76
546,5090701914058;193,926
375,199517050751;360,976
338,0869999999989;323,105
195,89323928822594;197,3
329,651337271711;224,508
140,69491781898225;126,927
368,0664030389577;358,827
296,79846127286106;300,32
565,4076314250523;516,47
575,6931931944292;510,384
1888,5931934660723;1866,56
209,21686956896897;172,745
544,3873957122759;444,797
410,76222868536865;300,503
307,18269799583715;283,031
3165,6663145140315;3241,05
367,3953823033223;386,184
123,39589980493781;128,741
555,7812127269339;492,028
640,1932061203213;263,374
565,4076314250523;534,299
1190,6961420436787;1131,52
412,38312178005253;339,052
174,4930000000002;172,493
309,7522549869599;278,539
243,19292279213613;228,205
288,6725534484361;276,185
303,16083628038564;292,332
451,2727084973778;415,119
258,50907019140584;153,54
258,6798362907692;170,224
2151,192200317741;2127,82
214,07534636428935;215,395
140,06560904890654;121,597
144,61697185215638;137,698
170,90683629076898;149,282
331,26457274550415;282,709
187,90683629076898;160,51
549,916873108065;523,404
121,83087858138815;116,237
456,2021592924372;399,137
373,98649878376347;324,729
282,24459097911193;272,653
190,91050497938897;183,499
617,9416150546276;277,805
459,25203629337324;443,098
502,29599999999493;486,628
256,05299737054656;228,642
202,84805498210275;185,756
1821,0048883750812;1846,37
348,53514301921626;352,216
296,79846127286106;268,964
2301,002200317733;2294,39
417,2950841413648;407,302
278,4328912890106;241,544
399,53287070056945;325,294
389,6372127269342;359,615
523,9171265958187;144,607
489,26672155426684;378,046
226,58390291661942;156,259
201,8156386685576;201,661
455,45521272693344;376,033
300,49300000000017;200,315
269,9349116573913;267,323
204,4930000000002;193,11
1552,4038723947544;1518,42
573,916873108065;525,896
366,3225275109443;326,379
1546,9819249935301;1438,08
359,623630595972;368,301
451,2727084973778;460,597
262,58222586201447;263,051
340,00801101906205;353,063
464,2557627410201;385,01
143,33179141996558;146,709
664,4798003854261;341,351
570,5270974535642;240,125
256,53850002684396;260,136
343,5527941575418;321,585
362,9737739856457;321,889
338,0664030389577;322,867
442,76222868536865;375,279
257,7823287214281;233,371
237,62375130103365;191,84
263,9111087049861;259,847
3581,7522003177382;3486,82
153,75052466688948;139,147
628,0114261995263;509,058
276,6574916194903;262,707
215,99600000000072;199,77
235,11697087176321;143,214
246,89477877151415;248,797
216,05111029512585;208,475
462,2409784571273;401,589
344,07887207817294;298,251
185,74592478279575;172,482
1174,0822003177361;1100,22
256,38088944967114;248,417
187,3178837480045;188,903
254,74247350945237;253,24
3309,6663145140315;3276,84
498,83087858138816;124,207
3646,5909215605493;3691,04
175,9223523915747;173,812
270,87410000000057;289,659
344,0869999999989;323,119
258,32271197066893;234,183
153,75052466688948;109,527
262,58222586201447;231,147
3582,5909215605493;3541,63
237,62375130103365;225,678
2147,43621285236;2122,78
458,9737739856457;364,021
504,65278055512977;383,148
169,5090701914058;149,019
1901,04283537091;1800,99
163,11697087176321;126,878
250,34657859285213;253,355
262,7762;254,938
175,14210000000026;170,991
338,127830595972;321,329
144,61697185215638;125,467
641,2641354469956;317,884
356,5229601589101;339,967
348,1946862888134;335,819
466,1834748761235;403,865
116,48297242808354;106,113
338,7564841893871;339,52
321,0194779518294;273,526
756,4019848545838;384,673
492,4160481275742;436,47
2291,43621285236;2225,32
517,5992127269325;480,632
188,64513176404452;168,24
1952,593193466072;1920,95
449,0734356748183;443,311
255,4723372717111;243,205
2203,309366499864;2111,7
2631,647380594442;2657,13
217,41849843282625;210,115
524,2880776740742;473,341
384,55945020076143;390,173
187,3178837480045;157,122
2567,647380594442;2514,9
381,33961105573127;258,641
313,0069909530575;276,367
2830,586462346454;2896,17
136,1127465236853;129,291
233,05111029512585;195,721
504,65278055512977;421,622
301,83886774657316;318,8
242,57221272693317;178,852
2143,3222003177243;2102,31
686,9142520262807;310,786
592,4184121081363;211,785
617,5992127269324;507,552
1810,3613986285388;1763,75
601,3792127269326;519,096
399,53287070056945;336,696
324,28320287927977;310,556
238,4723372717111;217,668
190,89067184049836;192,448
3247,0522003177357;3276,81
4220,510991942663;4313,77
341,3122100803167;297,958
501,6163942970838;497,801
306,41849843282625;200,526
223,61386841944616;213,105
370,2448491911408;298,184
592,2880776740742;478,974
327,4406555263455;314,478
271,3098236851064;265,053
389,2402127269348;359,218
262,71234447365384;241,191
256,05299737054656;217,979
224,34385498210273;196,744
2971,8905007111894;2984,98
311,2675907804104;295,638
214,07534636428935;202,147
341,3122100803167;315,293
302,0543918823165;299,575
570,5270974535642;222,833
381,33961105573127;281,154
226,73147193177806;210,782
220,58692806822245;238,794
616,0529973705466;234,825
165,29124533494235;123,114
2910,586462346454;2871,17
4172,510991942663;4298,12
1562,3089358563564;1509,53
394,55854663447707;284,148
422,2324879281807;304,349
364,88159352007233;272,968
372,67084874307335;372,776
2231,192200317741;2220,44
162,19071781898222;140,294
246,8081270829332;215,031
874,6772003177294;818,04
425,03828739048737;417,659
628,2959999999949;547,3
455,78293555362757;345,97
334,97383078602115;333,0
311,7536454035666;317,246
296,2324879281807;284,331
277,26242393674147;170,091
395,5926035923721;400,07
215,73197344573416;200,735
591,7812127269339;535,374
618,3227119706689;245,632
302,48507359831734;305,259
3165,1052225937233;3141,32
112,64799980493783;101,754
409,3122100803167;355,675
593,9567263174218;246,297
288,2564549869599;289,437
637,3792127269326;555,175
216,9567263174218;210,01
1810,3613986285388;1830,23
393,69565357018644;380,644
381,1623191278723;359,839
319,5121432179178;320,645
368,0869999999989;363,156
271,3098236851064;241,392
1959,227573600706;1934,89
144,8916998049378;121,278
376,4798003854261;269,866
192,21686956896897;185,38
588,4160481275742;499,11
365,29538803170374;354,278
372,8916112347247;375,522
282,52709745356424;176,808
281,21686956896895;201,663
2829,5438358132947;2890,07
258,5839029166194;141,261
524,4160481275742;460,356
373,3122100803167;300,448
176,43596127299054;174,416
522,2371077231138;492,759
399,8491655213509;322,337
531,6163942970838;485,828
334,97383078602115;293,332
624,2880776740742;559,861
335,3699255243932;340,412
422,13150743468873;429,437
422,2324879281807;340,159
237,6342958097452;238,374
310,5516906302492;319,765
421,26672155426684;376,845
329,0891733480985;294,284
234,99540019342172;209,907
422,59683689991294;349,03
549,916873108065;538,46
547,906836290769;168,539
1815,2275736007061;1786,92
534,1834748761235;422,732
303,3983378425617;304,86
278,5722127269332;202,669
320,50015498695984;338,491
498,2409784571273;418,29
341,7319734457342;259,795
245,73197344573416;234,35
326,9142520262807;288,878
3246,532200317744;3153,06
586,6804835043325;465,638
549,5992127269325;510,83
460,8864124733422;445,394
368,54507713759153;380,531
377,48184319180615;360,746
223,13437184049832;220,098
328,0163185557205;327,131
199,09112806822247;179,068
687,5962520262806;363,102
302,5748644037171;285,222
594,1872618014235;260,416
3550,631400346334;3479,77
405,1623191278723;362,41
265,29124533494235;166,425
233,05111029512585;219,516
403,4982604645172;411,197
487,78293555362757;428,414
265,5457688739779;219,479
292,2556567164179;293,907
309,26242393674147;205,202
247,47909702132904;217,969
2971,39211345547;2929,63
3549,7522003177382;3620,31
531,6163942970838;525,469
343,5527941575418;336,547
313,8741255243932;299,206
537,9110100266394;473,716
327,5962520262806;290,557
2235,309366499864;2122,92
296,48507359831734;293,862
1890,3613986285388;1804,9
297,3983378425617;283,856
284,54096572068704;284,129
1808,5931934660723;1767,2
252,59130000000064;251,292
3166,532200317744;3143,16
617,782328721428;292,132
174,39743928822597;160,997
240,7823287214281;218,678
192,10015498210277;192,576
292,2556567164179;244,593
276,3656438635559;250,956
226,64355646618017;213,575
385,4093258901302;363,99
207,38277355508927;192,586
287,69053393972047;257,096
286,2392127269345;210,765
265,5457688739779;255,335
3917,814940331678;3892,91
711,9608552979421;590,737
501,1623191278723;422,142
545,7659772593524;426,264
197,90635410646732;185,956
191,69501210405323;161,88
1848,3260905973575;1852,96
180,4930000000002;160,837
344,0869999999989;335,29
287,40539161949033;283,132
268,8764890406133;239,487
449,03828739048737;406,876
210,52929296319536;173,667
284,54096572068704;244,236
221,99600000000072;224,144
444,4160481275742;421,819
174,41895547890917;124,531
200,16791082295063;173,891
274,08710000000065;247,021
261,4328912890106;244,392
2632,832946883677;2579,62
128,3167211317197;116,806
2295,192200317741;2279,8
490,6804835043325;487,467
223,61386841944616;226,739
2972,9501440302065;3006,97
324,95085257933374;323,335
280,3430677465732;252,03
287,45121272693524;212,872
181,54165745707346;162,461
375,9596373571294;310,058
2573,354574942471;2471,87
490,32499999999595;477,746
2237,002200317733;2190,03
303,9596373571294;292,081
1221,6222003177345;1112,94
2876,9501440302065;2794,64
696,3602448702674;624,146
2907,8905007111894;2918,12
211,2401041902554;199,955
222,33772418080548;223,879
475,6931931944292;435,986
326,55854663447707;286,289
273,51801492537317;241,174
545,7659772593524;467,378
265,6177438635559;265,813
193,52709745356424;186,934
327,5508902775651;284,64
366,87941544236907;353,821
479,2172477804216;430,136
140,69491781898225;127,051
166,19037476329362;121,345
169,67983629076917;150,944
195,89323928822594;171,967
174,41895547890917;148,937
244,48515316866107;224,993
338,2448491911408;315,402
732,3602448702674;640,115
280,1932061203213;242,797
2631,733310611131;2618,16
338,9737739856457;345,623
545,0382873904873;478,935
545,7459247827958;191,202
312,9084000000001;299,009
523,7812127269339;493,759
373,98649878376347;358,854
198,0657837480045;198,242
422,59683689991294;316,586
240,65133727171101;221,63
200,49220419025542;202,305
288,2564549869599;273,219
479,2172477804216;449,987
1869,04283537091;1882,61
329,94161505462756;223,562
637,9425221106997;523,376
247,27727768442116;232,651
305,05111029512585;228,019
368,1639999999981;354,056
295,5708456748208;292,981
2877,5438358132947;2801,25
2199,192200317741;2177,53
572,1033311492632;509,646
1880,3260905973575;1863,57
299,26457274550415;259,264
326,35089376003907;309,514
687,5962520262806;351,591
275,0684104746051;242,981
406,2448491911408;297,718
2875,8905007111894;2913,51
366,3225275109443;382,72
256,1708715500725;246,634
262,71234447365384;251,218
460,6804835043325;457,832
196,871879554191;185,723
465,160544911848;423,257
257,94161505462756;233,541
228,27821663517202;219,56
419,03828739048737;406,788
1901,04283537091;1856,03
462,0651485814483;347,77
273,51801492537317;271,041
410,76222868536865;332,618
262,1903747632936;141,922
338,1639999999981;321,423
276,94263393972045;263,164
287,61413083165803;259,633
166,19037476329362;144,387
352,93016057488353;246,444
450,5317729731714;410,636
202,84805498210275;202,139
286,9596373571294;279,702
257,7459247827958;152,403
239,06612368510642;222,712
2206,5415243465736;2199,14
457,2402127269348;399,345
329,79750122817154;310,983
3837,7248271272474;3951,83
617,782328721428;272,865
1965,0428353709099;1885,51
408,7278650703554;405,614
134,06560904890654;118,088
347,8268151391432;351,853
295,5708456748208;266,773
2299,099718283773;2286,12
297,5508902775651;295,345
399,3353019455168;324,521
469,9110100266394;423,697
521,6169718521564;143,267
489,6372127269342;377,482
329,651337271711;264,018
323,5501918823165;331,128
446,79903087347424;358,857
301,9223523915747;202,277
472,1033311492632;436,101
205,9223523915747;192,593
327,3353019455168;301,574
1539,4312071693946;1512,48
2827,8905007111894;2804,23
444,07887207817294;374,457
153,64630000000028;133,786
264,5547612728611;265,241
573,7869822487345;525,503
193,52929296319536;186,856
217,1872618014235;195,406
364,6571027152629;327,425
669,9425221106997;609,832
359,5792000000005;368,533
450,5317729731714;459,111
462,0651485814483;386,942
348,8313000000005;335,265
469,9110100266394;404,319
262,7762;263,798
339,0807103820969;350,617
664,4597744352909;291,082
664,3363211043047;340,094
276,6574916194903;275,463
570,5292929631953;244,332
2493,354574942471;2537,45
438,2448491911408;342,136
189,65283465791072;172,821
236,81232228549206;191,066
456,2021592924372;385,029
261,93056458318085;256,408
